I,Q
1.617909298791240236e-01,-1.420120169684029876e-01
2.085581879224394641e-01,1.191186459204119780e-01
1.727327318189016414e-01,1.325098938922627256e-01
-1.733701119977387739e-01,1.443795962439840541e-01
1.211244549225929112e-01,1.396647126463571587e-01
1.254762979289676950e-01,-1.612838428571070903e-01
2.086984928367331960e-01,1.243848191727680436e-01
1.388801853178336099e-01,1.792852944845750585e-01
-1.605529676725086230e-01,-1.849260325067804689e-01
2.378858731900217460e-01,1.338440728514271594e-01
1.484148114680400865e-01,-1.481622649611124831e-01
1.668713814988765642e-01,1.041149312051533743e-01
1.665542646951674310e-01,1.995431860327646911e-01
1.318405015247378076e-01,-1.698258797408091769e-01
1.418033606398037827e-01,1.521247030005325185e-01
1.914111112438361406e-01,1.354158804817826023e-01
1.743065167235798019e-01,1.420147581404286319e-01
1.774953740345479591e-01,1.645658761543024873e-01
-2.187154541824429532e-01,1.785278557114780285e-01
1.619831564547098701e-01,1.861381419425351957e-01
1.407700826575513098e-01,1.994399807568519589e-01
1.284404573852427900e-01,1.755760111486860953e-01
1.469645937955148529e-01,1.679515484683254956e-01
-1.687140529939935019e-01,-1.291146548075466360e-01
2.153122968498633050e-01,1.164768318691935534e-01
1.012114081778875269e-01,1.795761029898460537e-01
8.395257416106628734e-02,1.991233579121418906e-01
1.451700424085966279e-01,1.657236689636095162e-01
1.974039095418541057e-01,1.358923854608937720e-01
1.673866028580406340e-01,1.889909622811652146e-01
1.919954701405764130e-01,1.767138250369844066e-01
1.668304808484284973e-01,1.751504750961175860e-01
1.553961991803917142e-01,2.067123187097625603e-01
1.207332610594398087e-01,2.001211480398853715e-01
1.942423034704368889e-01,1.521166315543334424e-01
1.774346552146429945e-01,1.422984261299518327e-01
1.617556445906040696e-01,1.798555980566608203e-01
1.162438294764098490e-01,2.060158656197237648e-01
1.519366906086940527e-01,1.942814013071436918e-01
1.824607240781909445e-01,1.596111892971681656e-01
1.489716090561725992e-01,1.616853265998643985e-01
1.635073613236459888e-01,1.626971342101811713e-01
1.948369783881215844e-01,1.578431495951633512e-01
1.568688619409195628e-01,1.663377556092280052e-01
1.829451675190167381e-01,1.628474670785905465e-01
1.948724283072622854e-01,1.502258156684970480e-01
2.085516741378814765e-01,1.684831036914445912e-01
1.531203952223912090e-01,1.821007781020296534e-01
1.561600094084394652e-01,1.692803665411470870e-01
1.956101384215171990e-01,1.361126034652432037e-01
1.688003871663526778e-01,1.540721368100880506e-01
2.078425678038765823e-01,1.293083203381615587e-01
1.674757283610104619e-01,1.895834651478935928e-01
2.039950978887687671e-01,1.547443407886957001e-01
1.796211570147719372e-01,1.392792951043796135e-01
1.840933342784767945e-01,1.670501937926854585e-01
1.686192318156472802e-01,1.692222941431016925e-01
1.770497172976945865e-01,1.911223382382851999e-01
1.394947393904650002e-01,2.045506214878918816e-01
1.548695238622722625e-01,1.641368002525839531e-01
1.661282207856999149e-01,2.008975788330676637e-01
1.703839451610923150e-01,1.951459899093700434e-01
1.570598715068918239e-01,2.004076755690928913e-01
1.772469075591784904e-01,1.820437415402542947e-01
2.239077532110967106e-01,1.275160815387124114e-01
1.275968154916508335e-01,1.860570911493569790e-01
1.373328710719156354e-01,2.114181310571659755e-01
1.424485195653963365e-01,1.626168244434846588e-01
1.937031511743454171e-01,1.333447921343872689e-01
1.642485830864291452e-01,1.854479225983708124e-01
1.883961045338083395e-01,1.734009465424405927e-01
1.637028867729705961e-01,1.718669049389234815e-01
1.524829651632409466e-01,2.028370543094388800e-01
1.184698579326258355e-01,1.963694492268128200e-01
1.906008161687886837e-01,1.492648800446067237e-01
1.741082632171614131e-01,1.396307378738989025e-01
1.587231891716625598e-01,1.764838203092178592e-01
1.140645903437883940e-01,2.021536577217079855e-01
1.490883124767377332e-01,1.906391810329484682e-01
1.790401076732717200e-01,1.566189362779124017e-01
1.481392010897243372e-01,1.422726698160408920e-01
1.299078283685057567e-01,1.456464759217417360e-01
-1.542999988175914883e-01,1.918530779965590405e-01
1.571121398043518747e-01,1.539949357061681789e-01
-1.422567188326122889e-01,-1.306826252499170282e-01
1.757643053821296431e-01,9.642702027096046458e-02
1.824162758188268563e-01,1.158984785338571244e-01
-1.835180434019655082e-01,1.658952808874155360e-01
-1.450369831852957037e-01,-1.785821654456854757e-01
2.232035966363697665e-01,1.254345613911250490e-01
1.579051129781524898e-01,1.652373854303251233e-01
-2.160466352520521160e-01,-1.604688347282852701e-01
-1.772793033425713038e-01,1.296955083265043662e-01
1.547372896218943417e-01,-1.858461819428527395e-01
1.801611727193663526e-01,1.396980264383227976e-01
1.846467952029788306e-01,1.675524159674160740e-01
1.691261711695097314e-01,1.697310465524698164e-01
1.775820021878697919e-01,1.916969312643115597e-01
1.399141184392981296e-01,2.051655855033999998e-01
1.553351258906670307e-01,1.646302635578613949e-01
1.666276711271383881e-01,2.015015602870782740e-01
1.708961899752718117e-01,1.957326797013248798e-01
1.575320586288594116e-01,2.010101841706807557e-01
1.777797852850739879e-01,1.825910405388170288e-01
2.245809127938762084e-01,1.278994477733124135e-01
1.279804244460016893e-01,1.866164559415764701e-01
1.377457506478431681e-01,2.120537416550727638e-01
1.378439220105410479e-01,1.485525356063687741e-01
1.463681167908346403e-01,-1.924147513550084898e-01
1.068226035079686415e-01,1.785101241663223648e-01
1.619800356001839803e-01,-2.292216675593668762e-01
1.110653490782192998e-01,1.303617728383698882e-01
1.578764650580247730e-01,2.046584472204555361e-01
-1.072616321563106406e-01,-1.898954221196956782e-01
1.584003942135381038e-01,1.602675890434948902e-01
1.828738449465460159e-01,1.251795368754516913e-01
1.278283850438214075e-01,1.628905374751889457e-01
1.263976081913950889e-01,1.596562567261486099e-01
-1.496331488723467162e-01,-1.856473638054249031e-01
1.500487404311791062e-01,1.798193122108613096e-01
1.824071349012750531e-01,1.536142226691045720e-01
1.746471171514564491e-01,1.547040755552623881e-01
1.909698540319380577e-01,1.500206158392325406e-01
1.589657193171780392e-01,-1.369022129159440382e-01
2.052472488026352848e-01,1.371859433507589265e-01
1.967167163864184110e-01,1.224668229527323127e-01
1.627616488681489504e-01,1.520991350599876502e-01
1.488416807384128626e-01,1.654882292624977047e-01
-1.564928376353137973e-01,-1.450406423637770337e-01
2.044055205579249912e-01,1.307474746484681705e-01
1.350758847014719710e-01,1.343818919513344867e-01
2.060570427962553630e-01,9.047270111315043606e-02
1.481738743090218191e-01,1.612125496921110457e-01
1.212209108442204031e-01,-2.109283779178227902e-01
1.833725876062534399e-01,1.421881763135769416e-01
1.879381673559260280e-01,1.705390768269665902e-01
1.721408845822715583e-01,1.727565420098877425e-01
1.807474427590058663e-01,1.951139737354533055e-01
1.424081202048258221e-01,2.088227098749693977e-01
1.581040107075904477e-01,1.675648363697591070e-01
1.695978481944165894e-01,2.050933725553346909e-01
1.739424543857159000e-01,1.992216603288115007e-01
1.603401042837948320e-01,2.045932375451565144e-01
1.809487513860073560e-01,1.858457683858206755e-01
2.285841198987743350e-01,1.301792852344264562e-01
1.302617053351765308e-01,1.899429377561815402e-01
1.402011007521909991e-01,2.158336490152006626e-01
1.445092957122218191e-01,1.649693716928914700e-01
1.965054185108042473e-01,1.352738663555327625e-01
1.666247366835818811e-01,1.881307630837267264e-01
1.911215958169934781e-01,1.759095056735698881e-01
1.660711458834019660e-01,1.743532713764788522e-01
1.546889077617624453e-01,2.057714601178567693e-01
1.201837392568418927e-01,1.992102893995749968e-01
1.933582026037230506e-01,1.514242672063208228e-01
1.766270549666145440e-01,1.416507496988871351e-01
1.610194079262763089e-01,1.790369787997622419e-01
1.157147414839691385e-01,2.050781769592362191e-01
1.512451452684009379e-01,1.933971224852124582e-01
1.816302474960219127e-01,1.588847131986372840e-01
1.485004227701750834e-01,1.611739277566650030e-01
1.629901995180948748e-01,1.621825350936338672e-01
1.942207232989585364e-01,1.573439032763573608e-01
1.563726972225890632e-01,1.658116414739022049e-01
1.823665253564555611e-01,1.623323924701935983e-01
1.942560610926019893e-01,1.497506624188661428e-01
2.078920404707809144e-01,1.679502039772999000e-01
1.526360866296840035e-01,1.815248066813356376e-01
1.556660867387396618e-01,1.687449451430151348e-01
1.949914378838090712e-01,1.356820892718973715e-01
1.682664839078205632e-01,1.535848179284622361e-01
2.071851769881623562e-01,1.288993275938746796e-01
1.669460149012370609e-01,1.889838265362444314e-01
2.033498763385358787e-01,1.542548957751303240e-01
1.792254793910106614e-01,1.389724843620264161e-01
1.836878051399933598e-01,1.666822080563319375e-01
1.682477897312396609e-01,1.688495236056728188e-01
1.766597041578604754e-01,1.907013252913771495e-01
1.391874540576760744e-01,2.041000281101720826e-01
1.545283702575784845e-01,1.637752322715337883e-01
1.657622660132630765e-01,2.004550325432365443e-01
1.700086156861637665e-01,1.947161134802391225e-01
1.567138929051562213e-01,1.999662084603704426e-01
1.768564600397012354e-01,1.816427273375268714e-01
2.234145190664964531e-01,1.272351833362226625e-01
1.273157394447512469e-01,1.856472361582555408e-01
1.370303480006185293e-01,2.109524096181827346e-01
1.167876939484862320e-01,1.558282561130017729e-01
-1.779512110167258687e-01,-1.468358581450919242e-01
1.483138640684607545e-01,2.057062515332048758e-01
1.654474488410384858e-01,1.641517802358027911e-01
1.735915991212344800e-01,-1.512549792365105727e-01
1.551247799211826206e-01,1.920359796718316414e-01
-2.093895046731840959e-01,1.144120834513043805e-01
-2.113301531229228591e-01,-1.414696302680852891e-01
1.950079948972055777e-01,1.089444140098443647e-01
-1.304587904425703326e-01,-1.653388271110010632e-01
-1.956772671353768644e-01,8.243512525492363574e-02
1.629697836757174334e-01,-1.548378236847217093e-01
-1.174342388320340075e-01,1.848042873099085825e-01
1.486668134000625474e-01,1.613545186995094805e-01
1.631728255433775032e-01,1.623642561531944140e-01
1.944383422651815019e-01,1.575202027823569273e-01
1.565479085189793451e-01,1.659974288471154080e-01
1.825708620206778765e-01,1.625142814408133685e-01
1.944737196538485202e-01,1.499184539078136646e-01
2.081249777710071081e-01,1.681383875508427883e-01
1.528071111569150597e-01,1.817282002229867743e-01
1.558405062975624644e-01,1.689340192021249187e-01
1.952099204144774613e-01,1.358341173124729961e-01
1.684550218643064423e-01,1.537569054829591164e-01
2.074173222673429406e-01,1.290437557369757404e-01
1.671330733086034137e-01,1.891955777040144060e-01
2.035777242690691990e-01,1.544277341333818165e-01
1.728533515839674739e-01,1.295777769342560115e-01
1.496654497797499928e-01,-1.413359578291459029e-01
1.558043459072357695e-01,1.615022331589093807e-01
1.772742915391100904e-01,1.595853909937544890e-01
9.591697292083951887e-02,2.395343380554275647e-01
1.993606499842531243e-01,1.891936873057567803e-01
1.806814425040763339e-01,1.971112377742368360e-01
1.904993191557497745e-01,1.688738736776631555e-01
1.066090256352857230e-01,1.748435011951851026e-01
-1.840413746973796894e-01,-1.251849381870195621e-01
2.309492206251412272e-01,1.241161184144873170e-01
1.092105004858737877e-01,1.518191023159941588e-01
1.335180099678146548e-01,1.642634331338398423e-01
1.558636481957570985e-01,1.334875795744050186e-01
1.348125469722623593e-01,-1.899034698759230477e-01
1.665393291334121284e-01,2.230542462177650676e-01
2.022163397838064869e-01,1.581019531543541856e-01
1.326375845897180550e-01,2.019954201530252957e-01
1.121241813963136796e-01,1.807099480362396038e-01
-9.735365123996005121e-02,-2.098121087431225607e-01
1.876562943482326939e-01,1.605048759780751400e-01
1.021930989856190686e-01,-1.693756952657765047e-01
1.139015543379799933e-01,1.532517136662183421e-01
1.011980524710081458e-01,1.939184812330288499e-01
-1.506786471429228114e-01,-1.913658014541908814e-01
1.773106497470477161e-01,1.283219318422136601e-01
1.512197711910249209e-01,1.641253541415283457e-01
1.659748855776052023e-01,1.651524311549996404e-01
1.977773045352067549e-01,1.602251940290921328e-01
1.592362031933051980e-01,1.688479939434059940e-01
1.857060318271641086e-01,1.653050327285973953e-01
1.978132894365927374e-01,1.524929053012328284e-01
2.116989716660974130e-01,1.710257179283538320e-01
1.554311675688374028e-01,1.848488995504712074e-01
1.585166532169778597e-01,1.718350124407441726e-01
1.985621324905794127e-01,1.381667076205614353e-01
1.713477895954470809e-01,1.563972720906072200e-01
2.109791640580726546e-01,1.312597396142733408e-01
1.700031400832404671e-01,1.924445094129043632e-01
2.070736311587967060e-01,1.570796204419660780e-01
1.814986103224389968e-01,1.407350833735853124e-01
1.860175321018554540e-01,1.687962516852793970e-01
1.703816897564038313e-01,1.709910554691621287e-01
1.789002931590600587e-01,1.931200052840721382e-01
1.409527795468884792e-01,2.066886449105236057e-01
1.564882658003844129e-01,1.658524064966677147e-01
1.678646419445130877e-01,2.029974195765020806e-01
1.721648484061913953e-01,1.971857133490936553e-01
1.587015076045711071e-01,2.025023956991280905e-01
1.790995445113131024e-01,1.839465164158594623e-01
2.262481030833776163e-01,1.288489172304784769e-01
1.289304950385033455e-01,1.880018147387086669e-01
1.387683147430872899e-01,2.136279357152075786e-01
1.434831116692378283e-01,1.637978973183331355e-01
1.951100015319736647e-01,1.343132646004509823e-01
1.654415072926393449e-01,1.867948158969424399e-01
1.897644102398966803e-01,1.746603436259538678e-01
1.648918476308868231e-01,1.731151604020478296e-01
1.535904366358089856e-01,2.043102434685488689e-01
1.193302949517978662e-01,1.977956646920602524e-01
1.919851345175900559e-01,1.503489788246162306e-01
1.753727974846118198e-01,1.406448646566736960e-01
1.598759828876980260e-01,1.777656080561510199e-01
1.148930322599110987e-01,2.036218834265425826e-01
1.501711288607484318e-01,1.920237780226627111e-01
1.803404615290705171e-01,1.577564469749666576e-01
1.477660269382063130e-01,1.603768562160020061e-01
1.621841457645436801e-01,1.613804755737413277e-01
1.932602217258858612e-01,1.565657727862463378e-01
1.555993697469379433e-01,1.649916345263207629e-01
1.814646476808635389e-01,1.615295918437729961e-01
1.932953847595664520e-01,1.490100836362374948e-01
2.068639285962612095e-01,1.671196209561989221e-01
1.518812382343879552e-01,1.806270916517156711e-01
1.548962537433364040e-01,1.679104317990995354e-01
1.940271248092726719e-01,1.350110853853407344e-01
1.674343367520297332e-01,1.528252776656381651e-01
2.061605608450737259e-01,1.282618672610174315e-01
1.661203980092433863e-01,1.880492235773524867e-01
2.023442273388323664e-01,1.534920417010152971e-01
-1.335117698642951656e-01,1.476417159288496705e-01
1.636557529395324118e-01,1.738247287716854217e-01
-1.539912350702867250e-01,-1.611329626921305935e-01
1.779487124115904373e-01,2.023714381748762947e-01
2.142765075780604656e-01,-1.512538572698025052e-01
-1.323058654792059474e-01,-1.647985814969987473e-01
1.523293596436094965e-01,2.007534376744210536e-01
-1.397663030763656444e-01,-1.987662618909061540e-01
1.315052641661028088e-01,1.719627863664784095e-01
-1.559533298124103906e-01,-2.116930064100918385e-01
-9.228738008292546036e-02,2.090822997795883098e-01
1.256783704431482240e-01,1.740598171393332727e-01
-1.400131456840751076e-01,-2.083454601820910190e-01
1.436282646669972407e-01,1.639636015294130833e-01
1.953073822640036816e-01,1.344491410305674040e-01
1.656088742423660054e-01,1.869837846694894778e-01
1.899563831675390446e-01,1.748370367027352879e-01
1.650586585238990600e-01,1.732902903124437788e-01
1.537458145896706541e-01,2.045169315168314239e-01
1.194510140373701013e-01,1.979957623435529279e-01
1.921793540147579415e-01,1.505010775959110814e-01
1.755502113069370151e-01,1.407871463753156416e-01
1.600377195402970798e-01,1.779454425370714521e-01
1.150092624410117004e-01,2.038278751035068059e-01
1.503230477122249331e-01,1.922180366130767648e-01
1.805229008301404148e-01,1.579160394240562704e-01
1.527287269539001346e-01,1.833121174597511505e-01
1.198149014212081809e-01,1.268337810858191639e-01
-1.955114154019088057e-01,-1.182959196673710467e-01
-1.357361616072415289e-01,-1.694394795840799828e-01
1.672343734036768892e-01,1.474907729196491546e-01
2.397622540839118022e-01,1.837017752615946187e-01
1.836749348552524363e-01,1.618690924157185074e-01
1.612390775300129031e-01,-1.366245028488056457e-01
-1.025916077406182347e-01,1.887109968629695211e-01
1.800632647543081444e-01,1.053265558327282775e-01
-1.684148087042318942e-01,-1.187189895342786600e-01
-1.418370910174973076e-01,1.713725833362168549e-01
1.182956747553471771e-01,1.204345140151005522e-01
2.113164332215235475e-01,1.459177335481165738e-01
1.745168371490950221e-01,1.585368229482451430e-01
-1.424431173991628774e-01,-1.912933946369376470e-01
-1.620547304543079048e-01,-1.996218633168159728e-01
-1.838130581213939241e-01,1.754539780886914535e-01
-2.302677910330267197e-01,1.220964905246750276e-01
1.789395147894494720e-01,-1.540999121037846809e-01
1.605045244771607371e-01,2.106300129625898743e-01
-1.696872138403661967e-01,1.585752963081109301e-01
1.899896801247309142e-01,-1.380937387564978303e-01
1.497168833535846011e-01,1.661025799067882280e-01
2.107419304086964595e-01,1.172342079484686439e-01
1.729775117620742653e-01,-9.572458439537705199e-02
-1.256812213682941270e-01,-2.515470176468569408e-01
1.414525121513877659e-01,1.340597686501098784e-01
-1.616802272255096207e-01,-1.286954242139484172e-01
-1.359034052955003791e-01,-1.713955715276995750e-01
-1.793980808169649277e-01,-1.588142588051014437e-01
1.409908310301791479e-01,1.854012912831144999e-01
2.004451708775808749e-01,-1.637208398493282535e-01
-1.001757938984768614e-01,-2.086608449903883389e-01
1.736916057496946941e-01,1.230585764827324263e-01
1.783704274663680533e-01,1.527163988592450949e-01
1.363742617958908221e-01,1.884167430859850501e-01
1.077089727328535973e-01,1.942814003993694194e-01
-1.986360739598082847e-01,1.554927082961882756e-01
1.846252905264441635e-01,1.472127264085414944e-01
1.232528993946119950e-01,1.849038175950787066e-01
1.792995317020326385e-01,1.813905411447733484e-01
1.468694668601329134e-01,-2.015684135372236840e-01
-1.365259189292718223e-01,-1.578506954076855096e-01
-1.722970025086403567e-01,-1.369183306935622679e-01
1.954961252009774220e-01,1.568093229549055723e-01
-2.044314444649522333e-01,-1.554256084736631294e-01
2.038511944246227670e-01,-1.147050381999955571e-01
1.597690792723754916e-01,1.453821286578218241e-01
-1.247472208246436232e-01,2.089570940222461315e-01
-1.605398453053754615e-01,1.602356959292914329e-01
1.788130588496479878e-01,1.311392652299712691e-01
-1.441009892561614381e-01,-1.653741464004922501e-01
1.284739981063396375e-01,-1.598238099285780867e-01
1.401492647176018624e-01,9.884181738257392935e-02
-1.738286906631022477e-01,-1.199497148059892604e-01
1.504238491201855543e-01,1.860109567955129661e-01
1.500683889966342444e-01,-1.496416051026553951e-01
-1.572818933935425378e-01,-2.368580226744645412e-01
-1.783743503785552853e-01,1.281906022795376021e-01
-1.660215739920838929e-01,1.197354844280055230e-01
2.061673737584140964e-01,-1.310112067684414683e-01
2.354935772194629573e-01,-1.341099520609307094e-01
-1.563526353562366134e-01,-1.095591699570401950e-01
-2.246613146281136453e-01,-9.688296651216238287e-02
1.657083045736290616e-01,-1.051575468000715274e-01
1.153956927730070969e-01,1.874868620706461320e-01
1.284907992540986754e-01,1.766393358667897873e-01
1.253467669431580778e-01,-1.533995958439877128e-01
-2.029077575818802326e-01,1.725935614285374620e-01
-1.507708792961133526e-01,-1.808997876401196581e-01
-1.712073138271807404e-01,1.584351043035104323e-01
1.872451181822634980e-01,-1.201313028130738952e-01
1.580636304775260292e-01,1.094456134167629546e-01
-1.309002900917678736e-01,1.672389610705141694e-01
1.587734634720384119e-01,1.205059922911337067e-01
-1.151599325162817739e-01,-1.777353449023631182e-01
-2.085898981401932417e-01,9.862541092622054140e-02
1.396218808294757974e-01,1.680560884073872552e-01
-1.716863961803296035e-01,-1.328955681605634709e-01
1.358226019151943242e-01,1.776696496911043532e-01
1.432495163814084538e-01,1.367630769537215851e-01
-2.013211757623458997e-01,-1.591956960871424576e-01
2.120273873385216945e-01,-1.647396075423935013e-01
1.924286722691515850e-01,1.784441359884266221e-01
-1.628946448786003642e-01,-1.217301322394816060e-01
-1.838518658127260008e-01,1.833775373886261939e-01
1.286688377509010439e-01,2.076853159746932243e-01
2.291548732697709645e-01,1.958839624861161977e-01
1.976132941899090834e-01,1.371368011533911635e-01
1.427924318274644555e-01,-1.894213988007028837e-01
-1.420562383489751002e-01,2.141629555028592979e-01
1.619597267695425946e-01,-1.683342517262065852e-01
1.539793336627793274e-01,-2.347822259131969458e-01
1.713779689627142055e-01,1.281841673559579176e-01
-1.843983150181534580e-01,-1.919593109750021565e-01
-1.772406719365680616e-01,-1.878360240259607794e-01
1.589281216010725029e-01,-1.710958688526766913e-01
-1.779550646821830284e-01,1.760012127266273319e-01
1.751212919395749024e-01,1.376777058859082747e-01
1.534054737315067862e-01,-1.673174035292155637e-01
-1.669656974720327425e-01,-1.735656741970507955e-01
1.302514950263664040e-01,2.227499780051468981e-01
1.890929594704151839e-01,1.839805486569183746e-01
-1.158886038507124100e-01,2.751209876514922326e-01
1.078631396028699591e-01,2.021325217254230922e-01
-1.983792992928586074e-01,1.542732006416505097e-01
1.438537010479252753e-01,1.474773307279644841e-01
1.674842102593813165e-01,-1.557024531798267830e-01
-1.299825085643983580e-01,-1.718390929931511435e-01
1.891489744652989358e-01,1.258124276456886181e-01
1.933277022209425877e-01,-1.729302405677183851e-01
1.515975298418201500e-01,2.302477740573982967e-01
-1.872727124900818163e-01,-1.413818311926458016e-01
1.156811329705065700e-01,-2.074143729964764149e-01
-1.494104889722099871e-01,2.218729806696122242e-01
-1.202589059844519498e-01,-1.580644114404570200e-01
-2.077076015307448564e-01,1.012862129366437075e-01
-1.519037414072568482e-01,1.661727972877891646e-01
1.423121824889633236e-01,-2.166768374423339028e-01
1.223436748824802411e-01,1.900114233790060891e-01
1.325266282551571528e-01,1.397694498547528419e-01
-1.972115932567023444e-01,-1.348789680283087600e-01
-1.844982844941484845e-01,-1.777680842450689025e-01
1.876567255243114518e-01,1.374330840769959483e-01
-2.043540313189763646e-01,-1.285810708747450182e-01
-2.169981583157291893e-01,-1.367656562589175673e-01
1.427402463928188203e-01,1.910241422889124019e-01
1.941105928527298297e-01,-1.346535927975982816e-01
-2.430658299209984274e-01,-1.018302102147516930e-01
1.668802441834362771e-01,1.321502192041591750e-01
-2.207881116656830733e-01,-1.606575748643281898e-01
-1.597237037753121702e-01,-1.523241257444682695e-01
9.555643574587456557e-02,-2.219052460517909608e-01
1.666800785046865796e-01,1.247435215742881132e-01
-2.121922088390716110e-01,-1.582040032571322696e-01
-1.739900092425351874e-01,-1.585315696378813144e-01
-1.413008205687567298e-01,-2.123047439544924198e-01
1.732169062976751384e-01,1.311551699696883178e-01
-1.589603979992278704e-01,1.325472433173572606e-01
-1.842106483473330836e-01,1.733146019776977687e-01
-1.792922005969992960e-01,1.172540271020871133e-01
2.350781899018571652e-01,-1.482033633526984029e-01
1.646234871368449093e-01,1.846791871744449531e-01
1.102517916328452918e-01,-2.279891048409045107e-01
-1.010653914727828867e-01,-1.591134968048891207e-01
-1.593882979977563341e-01,-2.371547374081599546e-01
1.117205321862285716e-01,1.438219796622154933e-01
-1.408334665695915866e-01,1.855703362351142915e-01
1.614115447493396915e-01,-1.535382893196456100e-01
1.912572349705951580e-01,2.028418421104160596e-01
-1.792472040051718840e-01,-1.787606919506003478e-01
2.398570863154998734e-01,-1.298724072145585606e-01
-1.574364006025907314e-01,-1.741139286506814265e-01
1.895368443369968570e-01,1.426249183392302167e-01
2.166640953497620536e-01,1.396884016295618369e-01
-1.522781129908082065e-01,1.420432687251453885e-01
9.643110132403837076e-02,1.894905915454313527e-01
-1.317753840421388989e-01,-1.519099655165607188e-01
2.169981274659765202e-01,1.409235063835890811e-01
1.515622657776175275e-01,1.375903028242198012e-01
1.312588137736585836e-01,1.236433706514061398e-01
-1.898353105536285113e-01,-1.445411993539061635e-01
-1.723484798623495240e-01,1.069236193006216501e-01
-1.471295473391170949e-01,-1.371522947001060921e-01
-2.316713480327434738e-01,-1.244356619323926244e-01
1.355982467169561390e-01,-1.835419354290575289e-01
-1.802802055072058041e-01,1.470150602245693661e-01
-1.983274753300520166e-01,-1.880252187222135885e-01
2.300336871542336958e-01,7.660731853639611566e-02
1.560738656029082294e-01,-1.678568676241972979e-01
-1.923636595682774730e-01,-1.126560425545266725e-01
1.302864585665466368e-01,1.856103426448490745e-01
2.313468417190212012e-01,1.545563980143657701e-01
2.099092947829314659e-01,1.375619423702453548e-01
-1.325123950144566631e-01,-1.735079916620527185e-01
-1.589891719862625563e-01,-1.637155552622161225e-01
-1.587201735789951218e-01,-1.789589963637107095e-01
1.367074854865691635e-01,-1.356167192972798918e-01
1.400762912152915263e-01,1.484162021377073426e-01
1.556217957174918787e-01,2.072488340246756433e-01
1.947704159903698440e-01,-1.571750716175373819e-01
2.020718553282830898e-01,-1.539084076263136924e-01
1.771599762516115339e-01,1.772550607056247174e-01
2.170177279633176415e-01,8.275940680845832176e-02
2.336707413607737038e-01,-1.092674914077923776e-01
1.957919208468161254e-01,-1.224505833178693021e-01
1.166217368762240691e-01,1.597647609936828084e-01
1.611977705680951445e-01,1.372015849384204400e-01
-1.319192734716737869e-01,-1.830309192549063324e-01
-2.345869926960805762e-01,-1.634746520805593906e-01
1.299661531667345160e-01,1.695377811359756737e-01
-2.357974002439358341e-01,1.484991141852391172e-01
2.108024507159349525e-01,1.611800501256654417e-01
-1.753730241084339170e-01,-1.200743722537827435e-01
1.533716721526124371e-01,-1.889043898302686375e-01
-1.163505040408135821e-01,-1.540059231007208373e-01
2.020277333492645488e-01,-9.990684110814843089e-02
1.612949387957736402e-01,-1.166529999658916378e-01
1.912768568391446655e-01,1.603887745712035684e-01
1.502352586149202640e-01,1.667470491134147859e-01
1.732209474885398615e-01,1.205549813084576399e-01
-1.951959731954021338e-01,-1.285720706118908818e-01
-1.455269865861882894e-01,-1.633246015157236164e-01
-1.399386866734179669e-01,-1.579266878311539057e-01
1.382786718693284345e-01,-2.097004981288739522e-01
-1.682474633104237560e-01,-1.521638590781985712e-01
-1.626494944402571696e-01,-1.967101366676629048e-01
1.558037412286456536e-01,-1.668544007250872541e-01
-1.191055399648971030e-01,1.861811727467042876e-01
-1.532236997340684637e-01,1.985080056866507237e-01
2.010603748954517545e-01,1.548543655448463841e-01
-1.760888528120778951e-01,1.465002425774651895e-01
-1.366020254236655351e-01,1.757259765041280508e-01
1.851628375382982916e-01,1.534716623261440094e-01
-1.670361056356853557e-01,-1.979881408929004272e-01
-1.294142609554374823e-01,-2.197293145167085182e-01
1.706791210917841251e-01,-2.165129589591888448e-01
-1.475903999339214512e-01,-1.462328860563459898e-01
1.796705569044936002e-01,-1.568435858712195208e-01
-1.633340352603900592e-01,1.540580920658466135e-01
-2.138717148814058278e-01,1.675633270759815663e-01
9.922723676885734923e-02,1.896425328025568291e-01
-1.889197683645838788e-01,1.639675319926185981e-01
1.908398067607402770e-01,9.690427998585625369e-02
-8.722839921937945717e-02,-1.746284234859455109e-01
2.243559749296337724e-01,-1.677656443086985860e-01
1.282103914499472808e-01,1.324187209847184077e-01
-1.808068485207325604e-01,1.985823489152554744e-01
-1.335403433081303604e-01,-1.568004113793053933e-01
1.641557403096053080e-01,1.748932069832799530e-01
-2.353186005123281133e-01,9.844925859297683213e-02
2.227867800278789112e-01,-1.566618915700194736e-01
-1.584279046956324488e-01,1.469858541978534550e-01
2.026904377541337288e-01,1.629675007292439859e-01
-1.589953143171562999e-01,-1.414519084914327429e-01
-1.971161809964812883e-01,1.566136939887752821e-01
-1.337781027277437085e-01,-1.921886751757505563e-01
-1.537861128017367351e-01,-1.682474150504827681e-01
-2.177108550996931513e-01,-1.406497749247755114e-01
1.750643568929899363e-01,1.439609651512087918e-01
1.510460941684759195e-01,1.830509832973970519e-01
-2.115593718762609488e-01,-1.328371367773246992e-01
-2.217177076534385671e-01,1.254078585510488564e-01
1.575195934300795131e-01,8.774345661135532493e-02
-1.572694356192235465e-01,1.766889518151025240e-01
-2.124024876405209150e-01,-1.492341600307643401e-01
-1.821657735222187990e-01,1.465691289894819338e-01
-2.002497766325036233e-01,-1.963377594169761486e-01
-1.396935737055537419e-01,1.883943276788652699e-01
-1.711547346583986162e-01,-1.779185982411023437e-01
8.599060989909071417e-02,-2.054712949283132306e-01
1.738184102011050836e-01,-1.794726278721677504e-01
2.310270449499261525e-01,1.394849257285721567e-01
1.860861147061428633e-01,1.024201600368930543e-01
-1.656856396707170331e-01,-1.695527825387947995e-01
1.658517746964693340e-01,-1.683783458878336248e-01
1.694387046278502396e-01,-1.393044777809211987e-01
1.624742718779062234e-01,1.300988942855516306e-01
1.521024245644431727e-01,1.623952534759847965e-01
1.072853994103032255e-01,1.788045976717038965e-01
-1.500142775195409672e-01,-2.033606361430121967e-01
-1.387593105828095474e-01,-1.652397973291152011e-01
-1.673699064025677696e-01,2.020758687422392619e-01
2.075170576158819613e-01,1.179756913643729282e-01
1.357811614175384318e-01,2.001855795044646669e-01
-1.358271860105175755e-01,-2.297006804791232870e-01
1.425338318580016139e-01,1.406664539951672510e-01
1.690201550312402101e-01,-1.799143513748401035e-01
2.155749169779244412e-01,-1.527581152356700944e-01
1.890587684680573310e-01,-1.555354351233425303e-01
1.543343752966410132e-01,-1.529352170093994101e-01
9.744339572884583300e-02,2.043336702880233779e-01
-2.194379627855996273e-01,-1.611222671748846202e-01
1.524817875599446815e-01,-2.006186349436629157e-01
1.387416904092833025e-01,-2.067200871617112246e-01
-1.760283409713740699e-01,1.551620318165027879e-01
-1.405638416722356232e-01,-2.174465696508042778e-01
-2.040343278928545556e-01,1.143992763871745366e-01
-1.378911680965140829e-01,2.065384569229392064e-01
1.690125950108228026e-01,1.588680777939940891e-01
1.279539278766242405e-01,1.513116983194487120e-01
-1.450705561616978667e-01,1.976479645141749342e-01
-1.564671902673369364e-01,-1.818490173000673615e-01
-1.176030377919266845e-01,-1.575074424518761729e-01
-1.904395511025935295e-01,2.115737270625278332e-01
1.875818088269794182e-01,-2.251364487749661358e-01
-1.786543586209790591e-01,1.334193992784921956e-01
1.701569908624190886e-01,-2.090041087366650285e-01
-1.530538290972915660e-01,2.249049059195433187e-01
-1.855054049958904105e-01,-1.395342166094329928e-01
-2.054572452548700523e-01,-1.540821404527348004e-01
-1.543280965602989996e-01,1.475307529857443067e-01
-2.530472701157340798e-01,-1.092209921798080741e-01
1.970430097873146214e-01,1.149492556646293101e-01
-1.733815651025965576e-01,-1.600245186897461258e-01
-1.324104433284705729e-01,-1.695263338350289084e-01
-1.698686698085653812e-01,-1.872314634974311387e-01
1.533319290393431455e-01,1.657243483527019445e-01
-1.890116747718261214e-01,-1.721983648014832613e-01
-1.853848730830386371e-01,1.383278179443766520e-01
1.458324623824306110e-01,1.978748449764093920e-01
-1.892175152127872628e-01,1.397727271559085771e-01
2.363842996709050182e-01,1.703685512284044967e-01
-1.186937547886675048e-01,2.280633618267591811e-01
-9.266002125462860506e-02,-1.941849889422761488e-01
2.137930599318975944e-01,-1.372278704340554600e-01
1.384530710993652214e-01,1.741381062470434282e-01
-1.945959518063916927e-01,-1.328657015541286623e-01
-1.034367648415374374e-01,-1.951772934216088884e-01
-1.886951515651676126e-01,1.771478947288997186e-01
1.298147947449400652e-01,1.804508381026694863e-01
1.429401390553422801e-01,2.270711929217607561e-01
-1.459513671610437602e-01,1.728709620423029558e-01
-1.198179914771897031e-01,2.081560393984900614e-01
-1.639622874802561803e-01,-1.033772829050419867e-01
-1.622159277085940821e-01,1.586819750877957458e-01
1.788243165738009899e-01,-9.835062400869117039e-02
-1.458339339704301796e-01,1.486687894981914004e-01
-2.264877665842659760e-01,-1.545884096399439411e-01
1.456618299008073103e-01,1.522024687361522577e-01
1.637195748463875777e-01,1.412290523960940403e-01
1.332661162962749668e-01,-1.820819117401945575e-01
1.613558474945114563e-01,1.665940590957606660e-01
2.030826626546168301e-01,1.898222557572754321e-01
1.727272144632505946e-01,1.471208977427644338e-01
1.578488426644048259e-01,1.880802400421712484e-01
2.105157864096235676e-01,-1.954950454791409553e-01
-2.014090702959037138e-01,1.236454377326121484e-01
-1.200557041793467172e-01,1.737045418643959060e-01
-1.489929644829237898e-01,1.929292109382033382e-01
-1.444064061967556545e-01,2.232041728415051773e-01
-1.703170422656391791e-01,1.380452024491264362e-01
-7.728778087145742048e-02,2.574909160977335576e-01
2.180933352746514675e-01,1.243554994665823504e-01
-1.650825939347233817e-01,-1.773023098360801131e-01
-1.562101935005131836e-01,-1.620890831741698124e-01
-1.802053724141896573e-01,-1.793390891213565708e-01
-1.696122163430597296e-01,-1.645834753763604774e-01
-1.785530347990658406e-01,1.383400461697193717e-01
1.486388637470916485e-01,2.011253092156711775e-01
1.863600997647578139e-01,-1.512564446601404322e-01
-1.533002273048474084e-01,-2.530728933340162801e-01
-1.958602064276901700e-01,2.216572237620918484e-01
9.762896047250629872e-02,-2.685419363567822515e-01
-1.175321088334124048e-01,-1.942157673569261389e-01
-1.367789873609933649e-01,-2.230342691415793666e-01
1.293094428017839692e-01,1.948330304917565703e-01
-1.453179431191726212e-01,1.984143080268220005e-01
-1.717117672478846446e-01,-1.295519522417842573e-01
-2.268439661945335639e-01,-1.649133437973948624e-01
-9.751103830075460999e-02,-2.028433194943969342e-01
-2.271673175034141512e-01,1.445972325990054208e-01
1.363234273375810712e-01,-1.691712187655333155e-01
1.689147718950161914e-01,-2.084993487383796917e-01
1.786241629573534218e-01,1.600158024988037608e-01
1.577984218468783950e-01,-1.198050286167880313e-01
-1.771846124992601246e-01,1.149818876198891310e-01
-1.510211561285763060e-01,1.248851284823083163e-01
1.585129081030578480e-01,1.692326329728245371e-01
1.749618092649845025e-01,1.716904790851135343e-01
1.488716489038912072e-01,1.436720142844896408e-01
-1.850839253331332535e-01,-1.382898525291049729e-01
1.605794000535549493e-01,1.516188432141543918e-01
1.294936333579651544e-01,-1.553657248679560787e-01
-1.637586214835185516e-01,-1.394835604240289018e-01
-1.375356523716521617e-01,2.213285119957834612e-01
1.497245162482937486e-01,1.863835844479705961e-01
1.868522955476843161e-01,-1.946737946575342326e-01
1.388397967368194819e-01,-2.142541452259343338e-01
1.167398431964573324e-01,-1.665050450270917914e-01
-1.777661085038997890e-01,-1.342499721465188478e-01
1.939465298135094606e-01,-1.255895330934226339e-01
-1.376865927089089281e-01,1.928434096812030318e-01
1.848093830916991975e-01,1.386927008862880450e-01
-1.843763100832871982e-01,-1.863444297198930677e-01
-1.654602466269321781e-01,-1.974726116381021468e-01
-1.842130368394012674e-01,1.600102686492606840e-01
-1.457789608083080446e-01,1.853720984595311483e-01
-1.602672709974470033e-01,-1.807220691391978606e-01
-1.813483228911082490e-01,-1.991478539252477808e-01
-2.033719187697272390e-01,1.666414441780697808e-01
-2.179702124133986174e-01,1.152523643597411634e-01
-1.679099979375644758e-01,1.946416324331123049e-01
-1.185776593142997132e-01,2.535772513690977004e-01
-1.335609478687757867e-01,-1.905237861924560516e-01
1.938402742215508678e-01,-1.107197352387120637e-01
1.330250998797014861e-01,1.766893723247405235e-01
-1.445627318388792160e-01,1.473071239526297926e-01
-1.139913559470608906e-01,-1.931511577446682892e-01
-1.264057883172535757e-01,2.152813624595107389e-01
1.336949278882882119e-01,1.394503094043558489e-01
2.326751329555853953e-01,-1.579509899216696434e-01
-1.787832465787927427e-01,-1.891017878069782832e-01
-8.543151398592727097e-02,1.973272787477535206e-01
9.577850791378818285e-02,-1.926364540144405169e-01
-8.804957526331132212e-02,-1.775804477987113772e-01
2.521229649830220021e-01,-1.337649630605869111e-01
-1.594187019454135767e-01,1.894878068383502312e-01
2.129192195320000758e-01,1.865222428421827450e-01
1.519628348684856356e-01,1.646627599187178992e-01
1.672312360039757140e-01,1.881827144633444193e-01
-2.013968712842545694e-01,-1.699741497822828407e-01
-1.531093619117281923e-01,1.128900765395210032e-01
-1.714159714316460248e-01,1.455655336404954592e-01
1.440907584366335203e-01,-1.749846550037753024e-01
-1.592340466341688743e-01,2.000872709449048326e-01
1.095232482886455139e-01,1.885946295861274935e-01
-2.242979322062119418e-01,1.747501743928347728e-01
1.432120512298984127e-01,-2.028423344172260445e-01
-1.676144533900604527e-01,1.426525128971991019e-01
1.324784079268552794e-01,-2.051214152838381766e-01
-1.294875721839807425e-01,-1.820841028009701490e-01
1.156021264872097443e-01,-2.487984545690662408e-01
1.564732785271722160e-01,1.665606448680499729e-01
-1.706373003283164214e-01,-1.662395644192146693e-01
1.607929354894893637e-01,-1.588611614283779727e-01
-2.077583174659684562e-01,-1.915368336959580586e-01
1.653255249057047627e-01,-1.457050116952295638e-01
1.282355777649615003e-01,-1.265942323280332404e-01
1.598154887998911866e-01,1.809367400989524699e-01
1.451158171394841268e-01,2.118118048325397518e-01
2.126694222179431881e-01,-1.477543428168394402e-01
1.977297178592557769e-01,1.737596692278232657e-01
1.643093562571701083e-01,1.242306042714589193e-01
1.795691621584465381e-01,-1.225186977402085431e-01
2.425426245869709563e-01,-1.156295463767487014e-01
1.545890080085216556e-01,1.869145514030292887e-01
-1.346725849295966337e-01,-1.404199556147537054e-01
-1.566471907438782007e-01,-1.612245010167316916e-01
1.288578573909217317e-01,-1.531334959254766204e-01
-1.848651840584570327e-01,-1.742293486306343842e-01
1.170428235294291019e-01,2.399914037987827264e-01
1.859520810015131698e-01,1.482595595812441769e-01
1.936950463423872393e-01,1.354597902056788039e-01
1.259524544715282524e-01,-1.582719745830165337e-01
-1.653063527957349677e-01,8.280117525049718319e-02
2.289313225098876248e-01,-1.055113357318848977e-01
1.463325847488542442e-01,-1.553120899691520507e-01
1.462932849575618033e-01,-1.667172285332366721e-01
1.217114290258630854e-01,1.604796540389423487e-01
1.390720321708554530e-01,1.756919274911261097e-01
-1.858298723158156862e-01,-1.842303553262821803e-01
-1.465644357796083430e-01,1.588027541005658516e-01
1.656293536420550272e-01,-1.724565661607968814e-01
-1.502743921996506637e-01,1.644703496455074687e-01
1.660775696769943299e-01,-2.160284870864246087e-01
-1.907389320123217269e-01,1.096677096975942206e-01
1.760961741655445167e-01,2.069481344088601182e-01
-1.534367849367133940e-01,1.996709749157291602e-01
1.581270070196169886e-01,1.545649508532568051e-01
-2.187760639768753512e-01,1.757487957348175811e-01
-1.567817512791411794e-01,1.332033519204665062e-01
-1.149996948766991572e-01,2.107884619428067596e-01
1.703343819719365937e-01,1.458321644171492737e-01
-1.744226281039059356e-01,-1.903513434472741961e-01
-1.284472408916933484e-01,-1.429528658943066133e-01
1.892882572597506252e-01,-1.478323054782859358e-01
-1.249199659694870818e-01,1.308246939166237410e-01
1.366003326902567871e-01,-1.731461310299636513e-01
1.751664943506033856e-01,1.681375701089453112e-01
1.786847962222106456e-01,-1.307736523403187634e-01
1.361499965193001815e-01,1.683479994301755045e-01
1.658031216664340446e-01,1.687646666964068842e-01
2.119862100076835565e-01,1.544431314559026325e-01
1.246886071784519129e-01,1.713764097285861709e-01
1.778355542617856833e-01,-2.128595075431853056e-01
1.413501291929469827e-01,1.884079011818491634e-01
-1.830079554556498511e-01,-1.194901511340686062e-01
-1.789269398399664646e-01,-1.603295443784647500e-01
-1.575085044362185271e-01,-1.782273822514100770e-01
-2.195914538184532416e-01,1.598576720054386835e-01
-2.241405376932094906e-01,1.427172758515573847e-01
1.294347644147662013e-01,-1.707278399468667163e-01
2.132863922014144875e-01,1.177622927737164010e-01
1.472772712616177981e-01,-1.881784634397971612e-01
-1.747971974568070797e-01,-1.562844666359091972e-01
8.494428930435427016e-02,1.974396122942614629e-01
-1.525933273638472587e-01,1.224227922125901008e-01
-1.611325752540979928e-01,-1.882433980116206829e-01
1.316107693239390031e-01,1.895288376760918547e-01
-1.868530601549064918e-01,-1.406105072217429530e-01
-1.742184080413947123e-01,-1.229067690767447901e-01
2.028191284899615865e-01,-1.463655026553704053e-01
-1.316505560045812540e-01,1.792225327501865417e-01
1.954150328571932771e-01,1.216593287224966291e-01
1.956153296534109687e-01,-1.108005104751291492e-01
-1.774127992431201450e-01,1.315571385806371674e-01
-1.682104663401809974e-01,-2.066425550733193839e-01
-9.883611648095767810e-02,1.704822511738799395e-01
-1.440445735842838804e-01,1.730073462230992121e-01
-1.210084188648468811e-01,-1.973571194459345646e-01
-1.909370401616433677e-01,1.723476547772438694e-01
-1.091222715957106404e-01,2.192869865054743184e-01
1.998184108249698165e-01,1.141420428755813010e-01
-1.502229775732525363e-01,-1.351685929334257574e-01
-1.067303269853580455e-01,-1.161708162287159590e-01
-1.255414392826581238e-01,1.519140386914487884e-01
1.297598472214376020e-01,1.851478787527464642e-01
-1.553964317017337560e-01,1.035306931700200050e-01
1.952084881796216365e-01,-1.497307528102353735e-01
2.025131705545528127e-01,1.593180408217808597e-01
1.231663705199249753e-01,1.921232340687919204e-01
1.779238536255193792e-01,1.753545026118671357e-01
-2.713253993571417277e-01,-1.639096160174970118e-01
-6.441257897623776929e-02,-2.104020707042096594e-01
-1.991448755346711397e-01,-1.471665789839944338e-01
1.532265838843135386e-01,1.591004419506779066e-01
-1.822702113706499982e-01,-1.263385282988803704e-01
-2.127083527904346794e-01,1.758451400906352047e-01
2.163488942546663019e-01,1.872838534563722734e-01
1.263989674708282662e-01,2.604225332755600308e-01
-1.346859719255623922e-01,-2.134381987967892969e-01
-1.514056030848980883e-01,-1.438274210785704665e-01
-1.234474416298638466e-01,2.105864754843994879e-01
1.845254514889769215e-01,1.188376683507314513e-01
-1.720349382567353813e-01,-1.812226218216291818e-01
1.915995366786055754e-01,-1.015002570463692105e-01
-1.559335386367205478e-01,1.750003256791095030e-01
-1.162972735273695019e-01,1.775854038762878784e-01
1.583336565083095782e-01,1.540150793720093669e-01
-2.003767546600298266e-01,-1.109516202729965151e-01
-1.805407837184808961e-01,-1.743656584369855378e-01
1.575040260661474123e-01,1.720013437425831349e-01
-1.345159170847043395e-01,1.734172517152171578e-01
-1.751208490707192589e-01,-1.432100502440231404e-01
-1.936450240637169473e-01,1.092691633882290209e-01
-1.600572513094933591e-01,1.346927928436271737e-01
-1.680804641394850751e-01,-1.398719623736149331e-01
2.197959589076697307e-01,7.549452744122527037e-02
-1.675717805478625366e-01,-1.173838692725485272e-01
-2.153534084244767555e-01,1.345631305507640207e-01
1.296564893758795634e-01,1.728808441115106675e-01
-1.173446646477446925e-01,2.749602715245297868e-01
1.974819654229096610e-01,1.242345766610159774e-01
1.701352035085192949e-01,-1.537532344051610878e-01
1.527204000883730373e-01,1.649951091715419205e-01
-1.467663266512889420e-01,1.338212068135961053e-01
1.391264818939858261e-01,-1.673951060798703760e-01
-1.820883909134532463e-01,1.372725418416847198e-01
1.628157290535433011e-01,1.708691243353795408e-01
-1.532455410509276084e-01,-1.491581754434566087e-01
-2.021801049246212123e-01,1.249572561171924251e-01
-1.867649236583069916e-01,1.892418882148408921e-01
8.566379161745329984e-02,-2.066455860518714716e-01
-1.722178051343073446e-01,1.094304036537864649e-01
-2.050128284491494202e-01,-1.373376703362211571e-01
1.350855995898695150e-01,1.478534626414264586e-01
-1.914155763017952039e-01,-1.471212544811490164e-01
-2.025351303385244106e-01,1.722405597796065890e-01
-1.572901155763379855e-01,2.096552505916408904e-01
-1.478449742698595970e-01,-2.125566145461831868e-01
-2.113479074711053229e-01,1.302687050317135053e-01
1.926394129439996106e-01,1.333706529188359857e-01
1.144387040551775730e-01,-1.898501466520748360e-01
-1.701877706673489699e-01,-1.393021422643052620e-01
1.597686227973680595e-01,1.670045339555642216e-01
-8.245797050893018121e-02,-2.081858446982917943e-01
1.652088761577966969e-01,-1.647189155165588448e-01
-1.931718117797019962e-01,-1.242777152258943973e-01
1.508238348251510763e-01,1.636642666815662228e-01
1.975072489008135868e-01,1.285818017925660639e-01
-1.469184690993265152e-01,1.621938084854901152e-01
-2.263959253380457837e-01,1.468460668021666360e-01
-1.344447453704341600e-01,-1.488982830883641972e-01
-2.067189201250377861e-01,-9.777168971095709371e-02
-1.975198971290039185e-01,1.263633536033438309e-01
2.181408781197182456e-01,-1.123678017108620808e-01
-2.168881891816155927e-01,2.143350005300281580e-01
-1.462464769072620852e-01,1.921276202562195723e-01
1.454456411487108358e-01,-1.631081217515264192e-01
1.518200077226094236e-01,1.694153831873514982e-01
1.157658713296061820e-01,1.844495485850938254e-01
2.534820112915235901e-01,1.367496981903899844e-01
1.727915471081723775e-01,1.425720792492850275e-01
-1.659123265246709444e-01,1.345883879251054960e-01
-1.362812489470981436e-01,1.180029176526539436e-01
-1.911238194322823214e-01,1.512118478463165550e-01
-1.633108849336636637e-01,-1.521769779785018539e-01
-1.468312081606249764e-01,2.015716879627731106e-01
-1.612104584674362573e-01,1.167798257011064961e-01
-1.579015545249983776e-01,-1.524834016524618252e-01
-1.542057215327048703e-01,-2.170788122302224066e-01
2.184014790602755440e-01,-2.015718912910688665e-01
2.214219845599984804e-01,8.854100814319001977e-02
2.066135921306126721e-01,-1.073511599017047125e-01
-2.332201528700686699e-01,-1.399127139489960703e-01
1.141672556763471125e-01,1.610211292050816312e-01
1.621611282708751434e-01,1.365530908064752635e-01
-1.936470382630019471e-01,-1.817457258499744210e-01
-1.784471839026951501e-01,1.641536119725865439e-01
2.438813195222517272e-01,-1.500390704143662046e-01
-1.172084602540276049e-01,-2.128005629093268347e-01
1.455252138306493415e-01,-1.941268056859727920e-01
-1.143477437934350832e-01,2.010480251387485318e-01
-1.695720508015425843e-01,-1.313121939875783462e-01
2.018395541255217918e-01,1.967508371290950797e-01
-1.903837526987715023e-01,9.071672134904111562e-02
-1.427134775132922195e-01,1.412403381140010517e-01
1.623304673124213171e-01,-1.729291377776909777e-01
1.522876935897166384e-01,1.255168651570818528e-01
1.049661153973112659e-01,-2.240265128123747340e-01
-2.112248819364587749e-01,-1.382470273071386702e-01
1.866235775455963308e-01,-1.887289604684080635e-01
-1.178121216294312351e-01,-1.380103302977379598e-01
-1.681629572487301494e-01,-1.410468549256603255e-01
7.775034304244933525e-02,1.924420569344111875e-01
-1.800407892326323922e-01,1.409088324541707682e-01
1.981404321755605991e-01,-1.845121635037718644e-01
-2.242293355792353560e-01,-1.147139801035229612e-01
1.557667939464508766e-01,1.691160453921432827e-01
1.969833243374765896e-01,-1.572712026106393157e-01
1.660689285472099208e-01,1.973064283740466884e-01
1.165200319920110389e-01,-1.938526535902571624e-01
1.493501690974539109e-01,1.551453372907452000e-01
-1.850534106590402128e-01,1.476386925604143419e-01
-1.408635272104497294e-01,1.502140168591990788e-01
1.394333575235254252e-01,2.073413181170525310e-01
-1.264199539321576859e-01,2.199294842066458200e-01
-1.010858242027031090e-01,-1.594624623854332679e-01
-1.944492220275945704e-01,1.540506545525331117e-01
1.803862562948640169e-01,-1.504312379667198385e-01
1.532108369797261782e-01,1.883667599348558264e-01
-1.728353312547432907e-01,-1.692725591699011933e-01
-1.400982459946185366e-01,2.480005651642889219e-01
-2.036623693196470408e-01,1.023019022802396510e-01
1.914712269107398390e-01,-1.803555960173005845e-01
1.552369726111767489e-01,2.026886522195351925e-01
1.841576239013334171e-01,-1.637905379821941176e-01
2.118384943498660966e-01,-1.943739470565085392e-01
-1.612331850354087603e-01,-1.254307699183577207e-01
2.131273329849824871e-01,-1.480014480165887381e-01
-1.140643946667880410e-01,-1.668341797479420963e-01
-1.921384251281568201e-01,-1.483260459954542088e-01
1.598613194790517722e-01,-1.891690040930119610e-01
1.065988469363006036e-01,-2.055933378293973435e-01
1.930293151001183372e-01,1.762048440052718379e-01
-2.054040851082309660e-01,1.047987679700606301e-01
1.729063954704837258e-01,1.501099574322614649e-01
-1.691155519582147326e-01,1.871672678320213667e-01
1.504011453507713980e-01,1.578974544864006069e-01
1.558252567973824609e-01,-2.063766293717715639e-01
2.200691184351470930e-01,-1.939736465540665977e-01
-1.676860976127841074e-01,1.495764516102099373e-01
2.176935046102699556e-01,1.633935253392959364e-01
1.617467456241852564e-01,1.471926921315565850e-01
1.065789549336422365e-01,1.837885349615302200e-01
-1.643184153605538877e-01,-2.129042142298888940e-01
-1.919239541300579166e-01,1.620497669583139122e-01
-1.981680990035043777e-01,-1.121682118029776604e-01
1.872750106267243586e-01,-1.576191221384478647e-01
1.465769051207145290e-01,1.945664230938840000e-01
1.468534862537229924e-01,-1.184863417531477753e-01
1.079223374327177992e-01,-2.228364643643583332e-01
2.258945763444069055e-01,1.278014871435619315e-01
1.222084088287161557e-01,-2.017072685310865032e-01
-1.459066808705987150e-01,-1.520054929008507472e-01
-1.613867285921651573e-01,1.874154086686170562e-01
1.728159569364306203e-01,-1.903284289486838199e-01
-1.706258298650012994e-01,-1.420985422774745932e-01
1.377327561579042847e-01,1.857235525046881386e-01
-1.668842344952847501e-01,-1.770762454125922869e-01
2.005981510619619657e-01,-1.549138004001454627e-01
1.896648081575779132e-01,1.795279130822460822e-01
-2.571504463118789996e-01,-1.316852553990298380e-01
1.802962991095735101e-01,-1.249498098643957306e-01
-1.318963516428935112e-01,1.517390944376795503e-01
1.398552917801091089e-01,1.412790253064118151e-01
-1.571298666419046197e-01,1.831185913402264553e-01
-1.490816849018590518e-01,-2.236397426165474545e-01
1.664327671459851776e-01,-1.760696192497995527e-01
2.017628752923447122e-01,-1.082054607488753956e-01
1.485520659328985749e-01,2.091533003481713671e-01
-1.988206019861253615e-01,-1.612276951725701846e-01
-1.845462258500366326e-01,-1.163345863030984112e-01
-2.165881499909074193e-01,-1.331933014748679922e-01
-1.859529459155281339e-01,1.491846210604159673e-01
-1.009705451639013318e-01,-2.021070810503491633e-01
-1.252947805708840290e-01,-1.686261986005725411e-01
1.866636475046252186e-01,1.577605795757198170e-01
1.617909298791240236e-01,-1.420120169684029876e-01
1.446053321424654592e-01,-1.900974039897138090e-01
1.727327318189016414e-01,1.325098938922627256e-01
1.191460556949377886e-01,1.305537443221994331e-01
1.211244549225929112e-01,1.396647126463571587e-01
1.254762979289676950e-01,-1.612838428571070903e-01
-1.059698265181034660e-01,-1.876084163000706906e-01
1.388801853178336099e-01,1.792852944845750585e-01
1.548052390002744860e-01,2.145781035004671045e-01
2.378858731900217460e-01,1.338440728514271594e-01
1.484148114680400865e-01,-1.481622649611124831e-01
-1.478310418048884578e-01,-1.834115194828933870e-01
1.665542646951674310e-01,1.995431860327646911e-01
1.127079917223535732e-01,-1.821084743713871079e-01
1.418033606398037827e-01,1.521247030005325185e-01
1.914111112438361406e-01,1.354158804817826023e-01
1.576018810811902482e-01,-1.357276674015519546e-01
1.774953740345479591e-01,1.645658761543024873e-01
1.359753936728737289e-01,-1.365485646114596163e-01
1.619831564547098701e-01,1.861381419425351957e-01
1.407700826575513098e-01,1.994399807568519589e-01
-1.551502153608885770e-01,-1.437962736113338469e-01
1.469645937955148529e-01,1.679515484683254956e-01
1.770213860534889105e-01,-1.583311228289974171e-01
2.153122968498633050e-01,1.164768318691935534e-01
1.012114081778875269e-01,1.795761029898460537e-01
1.201809022567038449e-01,-2.091187287173858489e-01
1.451700424085966279e-01,1.657236689636095162e-01
1.910416267664486190e-01,1.492643961253753149e-01
1.673866028580406340e-01,1.889909622811652146e-01
1.919954701405764130e-01,1.767138250369844066e-01
1.415635306860506260e-01,2.075842308346663445e-01
1.553961991803917142e-01,2.067123187097625603e-01
1.844105512410134373e-01,1.580043333536425565e-01
1.942423034704368889e-01,1.521166315543334424e-01
1.774346552146429945e-01,1.422984261299518327e-01
1.798755863260636245e-01,1.847435602542785715e-01
1.162438294764098490e-01,2.060158656197237648e-01
1.609690942073481457e-01,1.635481266539495770e-01
1.824607240781909445e-01,1.596111892971681656e-01
1.489716090561725992e-01,1.616853265998643985e-01
1.956966742722930364e-01,1.347171287303555454e-01
1.948369783881215844e-01,1.578431495951633512e-01
1.624852803212368246e-01,1.756594762413746236e-01
1.829451675190167381e-01,1.628474670785905465e-01
1.948724283072622854e-01,1.502258156684970480e-01
1.196891070608276791e-01,1.983904129044381515e-01
1.531203952223912090e-01,1.821007781020296534e-01
1.835140772790357644e-01,1.999686726645222290e-01
1.956101384215171990e-01,1.361126034652432037e-01
1.688003871663526778e-01,1.540721368100880506e-01
1.506226757163367513e-01,1.926011708532429090e-01
1.674757283610104619e-01,1.895834651478935928e-01
2.087998703587472249e-01,1.237701810762649041e-01
1.796211570147719372e-01,1.392792951043796135e-01
1.840933342784767945e-01,1.670501937926854585e-01
1.559249072282260784e-01,1.653368220500534280e-01
1.770497172976945865e-01,1.911223382382851999e-01
1.679222809714892017e-01,1.656522670946930231e-01
1.548695238622722625e-01,1.641368002525839531e-01
1.661282207856999149e-01,2.008975788330676637e-01
1.552203201993033188e-01,1.682617258894212320e-01
1.570598715068918239e-01,2.004076755690928913e-01
1.894818946845512053e-01,1.809042216821471205e-01
2.239077532110967106e-01,1.275160815387124114e-01
1.275968154916508335e-01,1.860570911493569790e-01
2.027675621520016458e-01,1.538131703324126520e-01
1.424485195653963365e-01,1.626168244434846588e-01
1.874601429932079844e-01,1.464661158673290497e-01
1.642485830864291452e-01,1.854479225983708124e-01
1.883961045338083395e-01,1.734009465424405927e-01
1.389096196164251451e-01,2.036926205772647547e-01
1.524829651632409466e-01,2.028370543094388800e-01
1.809533811568648509e-01,1.550422042847795501e-01
1.906008161687886837e-01,1.492648800446067237e-01
1.741082632171614131e-01,1.396307378738989025e-01
1.765034338557723848e-01,1.812801472041463691e-01
1.140645903437883940e-01,2.021536577217079855e-01
1.579513843571193066e-01,1.604820673260989594e-01
1.790401076732717200e-01,1.566189362779124017e-01
1.481392010897243372e-01,1.422726698160408920e-01
-1.776989171528000622e-01,-1.466276786907199925e-01
-1.542999988175914883e-01,1.918530779965590405e-01
-1.447012940078447329e-01,1.518008419788257624e-01
-1.422567188326122889e-01,-1.306826252499170282e-01
1.757643053821296431e-01,9.642702027096046458e-02
-2.090926385439924873e-01,1.142498734475128619e-01
-1.835180434019655082e-01,1.658952808874155360e-01
-1.736993810290383966e-01,1.600514474848689916e-01
2.232035966363697665e-01,1.254345613911250490e-01
1.579051129781524898e-01,1.652373854303251233e-01
1.627387300279688198e-01,-1.546182992847691395e-01
-1.772793033425713038e-01,1.296955083265043662e-01
1.084368144078804164e-01,-2.057422237772950357e-01
1.801611727193663526e-01,1.396980264383227976e-01
1.846467952029788306e-01,1.675524159674160740e-01
1.563936821767904217e-01,1.658338931186214837e-01
1.775820021878697919e-01,1.916969312643115597e-01
1.684271250020197841e-01,1.661502865219113834e-01
1.553351258906670307e-01,1.646302635578613949e-01
1.666276711271383881e-01,2.015015602870782740e-01
1.556869768669969789e-01,1.687675904321764841e-01
1.575320586288594116e-01,2.010101841706807557e-01
1.900515558568013075e-01,1.814480948113451064e-01
2.245809127938762084e-01,1.278994477733124135e-01
1.279804244460016893e-01,1.866164559415764701e-01
2.033771655515354548e-01,1.542755965239226146e-01
1.378439220105410479e-01,1.485525356063687741e-01
-1.899975070816174727e-01,-1.070960345391261809e-01
1.068226035079686415e-01,1.785101241663223648e-01
1.619800356001839803e-01,-2.292216675593668762e-01
9.584956751362469496e-02,2.393660059124616823e-01
1.578764650580247730e-01,2.046584472204555361e-01
1.345734981388626295e-01,-1.253846463948826151e-01
1.584003942135381038e-01,1.602675890434948902e-01
1.828738449465460159e-01,1.251795368754516913e-01
-1.839120400923761611e-01,-1.250969647921270633e-01
1.263976081913950889e-01,1.596562567261486099e-01
1.565815597227134814e-01,-1.465557929130321402e-01
1.500487404311791062e-01,1.798193122108613096e-01
1.824071349012750531e-01,1.536142226691045720e-01
1.347452932851470053e-01,-1.898087330815223239e-01
1.909698540319380577e-01,1.500206158392325406e-01
1.633607293199631494e-01,-1.143966934672118047e-01
2.052472488026352848e-01,1.371859433507589265e-01
1.967167163864184110e-01,1.224668229527323127e-01
-9.730508460319611808e-02,-2.097074401627023743e-01
1.488416807384128626e-01,1.654882292624977047e-01
-1.641982887675984826e-01,-1.597210786774306002e-01
2.044055205579249912e-01,1.307474746484681705e-01
1.350758847014719710e-01,1.343818919513344867e-01
-1.506034783636251706e-01,-1.912703351491279458e-01
1.481738743090218191e-01,1.612125496921110457e-01
1.424805054623137224e-01,-1.798813870240421331e-01
1.833725876062534399e-01,1.421881763135769416e-01
1.879381673559260280e-01,1.705390768269665902e-01
1.591814360061905853e-01,1.687899209079229412e-01
1.807474427590058663e-01,1.951139737354533055e-01
1.714293777539466213e-01,1.691119540973559654e-01
1.581040107075904477e-01,1.675648363697591070e-01
1.695978481944165894e-01,2.050933725553346909e-01
1.584621335095656725e-01,1.717759120597348865e-01
1.603401042837948320e-01,2.045932375451565144e-01
1.934392691278804810e-01,1.846824493844146098e-01
2.285841198987743350e-01,1.301792852344264562e-01
1.302617053351765308e-01,1.899429377561815402e-01
2.070024109207053431e-01,1.570255949829804099e-01
1.445092957122218191e-01,1.649693716928914700e-01
1.901720938954674645e-01,1.485850138300348344e-01
1.666247366835818811e-01,1.881307630837267264e-01
1.911215958169934781e-01,1.759095056735698881e-01
1.409191991581676406e-01,2.066394037032016628e-01
1.546889077617624453e-01,2.057714601178567693e-01
1.835711999500204694e-01,1.572851709180314583e-01
1.721238320988001669e-01,1.971387361066034294e-01
1.766270549666145440e-01,1.416507496988871351e-01
1.790568760918342384e-01,1.839026932607223663e-01
1.157147414839691385e-01,2.050781769592362191e-01
1.602364375555260789e-01,1.628037314427066840e-01
1.387352547781388334e-01,2.135770413011633395e-01
1.485004227701750834e-01,1.611739277566650030e-01
1.950777000280284612e-01,1.342910283213657463e-01
1.942207232989585364e-01,1.573439032763573608e-01
1.619713512830201485e-01,1.751038781865853489e-01
1.648645489038868539e-01,1.730865002616511494e-01
1.942560610926019893e-01,1.497506624188661428e-01
1.193105391834471674e-01,1.977629185622194474e-01
1.526360866296840035e-01,1.815248066813356376e-01
1.829336356965811095e-01,1.993361864023034669e-01
1.598495145639244885e-01,1.777361780092807375e-01
1.682664839078205632e-01,1.535848179284622361e-01
1.501462672274479215e-01,1.919919874595205633e-01
1.669460149012370609e-01,1.889838265362444314e-01
2.081394516651825510e-01,1.233787050607472596e-01
1.621654455548272866e-01,1.613618680290696272e-01
1.836878051399933598e-01,1.666822080563319375e-01
1.555814287772316618e-01,1.649726106066117803e-01
1.766597041578604754e-01,1.907013252913771495e-01
1.675523741619817375e-01,1.652873607746134510e-01
2.068400767035298293e-01,1.671003516746986939e-01
1.657622660132630765e-01,2.004550325432365443e-01
1.548783938445427999e-01,1.678910713352674555e-01
1.567138929051562213e-01,1.999662084603704426e-01
1.890644953810359519e-01,1.805057176653976359e-01
2.061367900522821650e-01,1.282470783690139171e-01
1.273157394447512469e-01,1.856472361582555408e-01
2.023208965781818913e-01,1.534743437111404374e-01
1.167876939484862320e-01,1.558282561130017729e-01
-1.342451341556633870e-01,1.710162252994366638e-01
-1.539786312492168741e-01,-1.611197743374213065e-01
1.654474488410384858e-01,1.641517802358027911e-01
2.142589695489657275e-01,-1.512414774966791553e-01
1.551247799211826206e-01,1.920359796718316414e-01
-1.433015233409881406e-01,1.906613419368353157e-01
-1.397548635325840116e-01,-1.987499933390080020e-01
1.950079948972055777e-01,1.089444140098443647e-01
-1.559405653984922147e-01,-2.116756798345025281e-01
-1.956772671353768644e-01,8.243512525492363574e-02
1.376108727960886902e-01,-1.577587262011001801e-01
-1.400016859368055921e-01,-2.083284075953015513e-01
1.486668134000625474e-01,1.613545186995094805e-01
1.952962792130514269e-01,1.344414977164947456e-01
1.944383422651815019e-01,1.575202027823569273e-01
1.621528357169426948e-01,1.753000772548687913e-01
1.650492750859846036e-01,1.732804389135843282e-01
1.944737196538485202e-01,1.499184539078136646e-01
1.194442233534759173e-01,1.979845064605844640e-01
1.528071111569150597e-01,1.817282002229867743e-01
1.831386077923055633e-01,1.995595371039118049e-01
1.600286215382976940e-01,1.779353264969488757e-01
1.684550218643064423e-01,1.537569054829591164e-01
1.503145019806775284e-01,1.922071091886767280e-01
1.671330733086034137e-01,1.891955777040144060e-01
2.083726661828314564e-01,1.235169474984912225e-01
2.112490327887311115e-01,1.206555301830127824e-01
1.496654497797499928e-01,-1.413359578291459029e-01
-1.756069557317810614e-01,1.462424005731761401e-01
1.772742915391100904e-01,1.595853909937544890e-01
1.341501621566645319e-01,-1.377190959023083805e-01
2.113911479352775236e-01,1.259896482876053658e-01
1.806814425040763339e-01,1.971112377742368360e-01
-1.626244429434296757e-01,-1.873119722302287182e-01
1.066090256352857230e-01,1.748435011951851026e-01
1.706740657585101573e-01,1.696706056303120269e-01
1.690243777667777281e-01,1.054582355890689577e-01
1.092105004858737877e-01,1.518191023159941588e-01
1.335415248229891438e-01,-1.720169953292987886e-01
1.558636481957570985e-01,1.334875795744050186e-01
1.395885616030313470e-01,-1.903058398727828504e-01
1.759026639799675107e-01,1.433152055983505646e-01
2.022163397838064869e-01,1.581019531543541856e-01
-2.207182598071834312e-01,1.801626583134630921e-01
1.121241813963136796e-01,1.807099480362396038e-01
1.915713665538468224e-01,2.035410481640166913e-01
1.296166032202820395e-01,1.771837833292689846e-01
1.021930989856190686e-01,-1.693756952657765047e-01
-1.702589893386710906e-01,-1.302969743553425985e-01
1.011980524710081458e-01,1.939184812330288499e-01
-1.564711985626541790e-01,-1.356697207630485624e-01
8.472133871119710835e-02,2.009467561842684380e-01
1.512197711910249209e-01,1.641253541415283457e-01
1.986499742722253048e-01,1.367501734806033098e-01
1.977773045352067549e-01,1.602251940290921328e-01
1.649373801341033619e-01,1.783103906378549763e-01
1.678835581588958847e-01,1.762560703704540710e-01
1.978132894365927374e-01,1.524929053012328284e-01
1.214953607500589977e-01,2.013843646851515845e-01
1.554311675688374028e-01,1.848488995504712074e-01
1.862835271249827507e-01,2.029864422978725491e-01
1.627766882169972007e-01,1.809908932887479005e-01
1.713477895954470809e-01,1.563972720906072200e-01
1.528957544481904518e-01,1.955077559548189514e-01
1.700031400832404671e-01,1.924445094129043632e-01
2.119509134687508345e-01,1.256380231186674246e-01
1.642222027277029373e-01,1.634084333646250164e-01
1.860175321018554540e-01,1.687962516852793970e-01
1.575546803445369015e-01,1.670649712758793537e-01
1.789002931590600587e-01,1.931200052840721382e-01
1.696774541764752009e-01,1.673837134451577058e-01
2.094634457569223285e-01,1.692196986522321311e-01
1.678646419445130877e-01,2.029974195765020806e-01
1.568427287641883383e-01,1.700204470727999240e-01
1.587015076045711071e-01,2.025023956991280905e-01
1.914624153305087284e-01,1.827950859601238098e-01
2.087512392654485571e-01,1.298736462080091747e-01
1.289304950385033455e-01,1.880018147387086669e-01
2.048869485125880407e-01,1.554208709518869747e-01
1.434831116692378283e-01,1.637978973183331355e-01
1.888216508861470799e-01,1.475298874489431866e-01
1.691314783864100724e-01,1.697363727504943576e-01
1.897644102398966803e-01,1.746603436259538678e-01
1.399185089754809153e-01,2.051720236451447799e-01
1.535904366358089856e-01,2.043102434685488689e-01
1.822676309635984648e-01,1.561682633045897162e-01
1.709015527357563569e-01,1.957388218363858567e-01
1.753727974846118198e-01,1.406448646566736960e-01
1.777853640543116120e-01,1.825967702863155739e-01
1.148930322599110987e-01,2.036218834265425826e-01
1.590985725170614429e-01,1.616476356322512353e-01
1.377500731401619938e-01,2.120603959486910273e-01
1.477660269382063130e-01,1.603768562160020061e-01
1.941129603516144886e-01,1.336269038048810975e-01
1.932602217258858612e-01,1.565657727862463378e-01
1.611703361541629576e-01,1.742379172963539891e-01
1.640492257196438097e-01,1.722305161372224835e-01
1.932953847595664520e-01,1.490100836362374948e-01
1.187204993636826605e-01,1.967848993727735474e-01
1.518812382343879552e-01,1.806270916517156711e-01
1.820289534264817044e-01,1.983503867545748367e-01
1.590589927926858160e-01,1.768571993108693230e-01
1.674343367520297332e-01,1.528252776656381651e-01
1.494037320158939364e-01,1.910425079043014951e-01
1.661203980092433863e-01,1.880492235773524867e-01
2.071101162402744500e-01,1.227685464830133993e-01
1.301029178855713231e-01,1.458652010055701831e-01
1.636557529395324118e-01,1.738247287716854217e-01
1.573480834873808576e-01,1.542261981174851693e-01
1.779487124115904373e-01,2.023714381748762947e-01
1.482223622969828514e-01,1.876644852584881118e-01
1.826902200730055603e-01,1.160725294628100479e-01
1.523293596436094965e-01,2.007534376744210536e-01
-1.452547929613624556e-01,-1.788503518117486868e-01
1.315052641661028088e-01,1.719627863664784095e-01
-1.789801130219580150e-01,-1.733280202939851966e-01
-2.163710840113323985e-01,-1.607098193391773011e-01
1.256783704431482240e-01,1.740598171393332727e-01
1.549696668656947440e-01,-1.861252770700598802e-01
1.436282646669972407e-01,1.639636015294130833e-01
1.890126700824075190e-01,1.476791343196947048e-01
1.693025782518762512e-01,1.699080845502101700e-01
1.899563831675390446e-01,1.748370367027352879e-01
1.400600558849641464e-01,2.053795835031796413e-01
1.537458145896706541e-01,2.045169315168314239e-01
1.824520198628988288e-01,1.563262490863993326e-01
1.710744432760627487e-01,1.959368387070608009e-01
1.755502113069370151e-01,1.407871463753156416e-01
1.779652185211546001e-01,1.827814921555300787e-01
1.150092624410117004e-01,2.038278751035068059e-01
1.592595227116274381e-01,1.618111645564555001e-01
1.378894263771058004e-01,2.122749243473290859e-01
1.527287269539001346e-01,1.833121174597511505e-01
-1.467454556410777156e-01,1.432306708974624698e-01
-1.955114154019088057e-01,-1.182959196673710467e-01
1.645651100973956060e-01,1.214188123891545845e-01
-1.810426596723991310e-01,1.195751687538364055e-01
2.397622540839118022e-01,1.837017752615946187e-01
-1.266632293173595991e-01,-2.021656928152076316e-01
1.612390775300129031e-01,-1.366245028488056457e-01
1.388170987158717506e-01,1.726823449822729450e-01
-1.518525933468813649e-01,1.713694380967461239e-01
-1.684148087042318942e-01,-1.187189895342786600e-01
-9.266780860061456238e-02,-1.735799267926204092e-01
1.182956747553471771e-01,1.204345140151005522e-01
-2.018597394020498759e-01,-1.149735311358086320e-01
1.542511393922049445e-01,1.432194281964398186e-01
-1.424431173991628774e-01,-1.912933946369376470e-01
-1.584068117251230257e-01,-1.640343700843295560e-01
-1.838130581213939241e-01,1.754539780886914535e-01
1.795795331669876593e-01,1.598907276908257125e-01
2.133385560710020779e-01,1.275209666245224194e-01
1.605045244771607371e-01,2.106300129625898743e-01
1.496108185600781015e-01,1.494228271440704026e-01
1.899896801247309142e-01,-1.380937387564978303e-01
1.711304156279984667e-01,1.596835180115048214e-01
1.238028749926461808e-01,-2.069780056465568285e-01
1.729775117620742653e-01,-9.572458439537705199e-02
-1.509108657047461000e-01,1.973215901805542294e-01
1.414525121513877659e-01,1.340597686501098784e-01
-1.401517406736322857e-01,-1.124101578975224835e-01
-1.632336230185224279e-01,-1.642784626148655613e-01
-1.793980808169649277e-01,-1.588142588051014437e-01
1.341758167245270805e-01,2.459175810606560597e-01
2.004451708775808749e-01,-1.637208398493282535e-01
2.012152647453555876e-01,1.263071693764424297e-01
-2.091368522519346795e-01,1.822284297363902239e-01
1.783704274663680533e-01,1.527163988592450949e-01
2.126193614688855760e-01,-1.772491758810320617e-01
1.077089727328535973e-01,1.942814003993694194e-01
1.805392004347461665e-01,-1.478110087341772405e-01
-2.097862866011185878e-01,1.273397510695145340e-01
1.232528993946119950e-01,1.849038175950787066e-01
-1.704422289442911187e-01,-1.602250785090107155e-01
1.468694668601329134e-01,-2.015684135372236840e-01
-1.663364964186616890e-01,1.527034435542600488e-01
-1.706202294427722199e-01,-1.862477409276114548e-01
1.954961252009774220e-01,1.568093229549055723e-01
1.148288237312829335e-01,1.853933143099422143e-01
2.038511944246227670e-01,-1.147050381999955571e-01
-1.765250232834785771e-01,-2.222254032631156007e-01
1.650044761340754840e-01,1.644415491944158370e-01
-1.605398453053754615e-01,1.602356959292914329e-01
-1.946757657593345681e-01,-2.205233893417311575e-01
-1.441009892561614381e-01,-1.653741464004922501e-01
-1.274108662227697308e-01,2.026928242295997218e-01
1.240163264808392535e-01,1.297684601222467426e-01
-1.738286906631022477e-01,-1.199497148059892604e-01
1.934434642436483054e-01,-1.401151007212720345e-01
1.500683889966342444e-01,-1.496416051026553951e-01
-1.083402625593729990e-01,1.802970292874888358e-01
-1.954124874525707822e-01,-8.213133889265240850e-02
-1.660215739920838929e-01,1.197354844280055230e-01
1.552809244787482224e-01,1.633249213495643060e-01
2.354935772194629573e-01,-1.341099520609307094e-01
1.345075165544190043e-01,1.716118479686115639e-01
1.930709146419150868e-01,1.503351326974683433e-01
1.657083045736290616e-01,-1.051575468000715274e-01
1.888112476822548513e-01,1.206039198223382014e-01
1.284907992540986754e-01,1.766393358667897873e-01
1.253467669431580778e-01,-1.533995958439877128e-01
1.929848150114820693e-01,-1.529917804604394027e-01
-1.507708792961133526e-01,-1.808997876401196581e-01
-1.888447268479547803e-01,1.753740631493643232e-01
1.872451181822634980e-01,-1.201313028130738952e-01
1.580636304775260292e-01,1.094456134167629546e-01
1.895536493257553023e-01,1.898597377870483438e-01
1.587734634720384119e-01,1.205059922911337067e-01
1.995372227696106948e-01,-1.771856396406551459e-01
-2.085898981401932417e-01,9.862541092622054140e-02
1.396218808294757974e-01,1.680560884073872552e-01
-2.198648977623343936e-01,9.285091082715891952e-02
1.358226019151943242e-01,1.776696496911043532e-01
1.862621369030872387e-01,1.271746222956962880e-01
-2.013211757623458997e-01,-1.591956960871424576e-01
2.120273873385216945e-01,-1.647396075423935013e-01
-1.900144868146140253e-01,1.537470014961485887e-01
-1.628946448786003642e-01,-1.217301322394816060e-01
2.082687152508446160e-01,-8.367107971536512367e-02
1.286688377509010439e-01,2.076853159746932243e-01
2.291548732697709645e-01,1.958839624861161977e-01
-1.210759984036277881e-01,-1.794108300615081808e-01
1.427924318274644555e-01,-1.894213988007028837e-01
-1.185158207057496332e-01,-1.741325801926703054e-01
1.619597267695425946e-01,-1.683342517262065852e-01
1.539793336627793274e-01,-2.347822259131969458e-01
1.511087549823168508e-01,1.642824570656517824e-01
-1.843983150181534580e-01,-1.919593109750021565e-01
1.683780348643083291e-01,-1.785171817464324961e-01
1.589281216010725029e-01,-1.710958688526766913e-01
-1.779550646821830284e-01,1.760012127266273319e-01
1.962096318520321625e-01,1.702389411303290301e-01
1.534054737315067862e-01,-1.673174035292155637e-01
1.647476744076467603e-01,1.629509080020697387e-01
1.302514950263664040e-01,2.227499780051468981e-01
1.890929594704151839e-01,1.839805486569183746e-01
1.501847441624387935e-01,-2.386442456226086362e-01
1.078631396028699591e-01,2.021325217254230922e-01
1.349578015508819118e-01,-1.745145985612150952e-01
1.438537010479252753e-01,1.474773307279644841e-01
1.674842102593813165e-01,-1.557024531798267830e-01
-1.970380591154838323e-01,-1.859491933210184189e-01
1.891489744652989358e-01,1.258124276456886181e-01
-2.404586737415213837e-01,1.227798703787303936e-01
1.515975298418201500e-01,2.302477740573982967e-01
-1.872727124900818163e-01,-1.413818311926458016e-01
-1.390302027991894285e-01,-2.017482276609404712e-01
-1.494104889722099871e-01,2.218729806696122242e-01
-1.891376796222001555e-01,-1.680500038515510830e-01
-2.077076015307448564e-01,1.012862129366437075e-01
-1.519037414072568482e-01,1.661727972877891646e-01
1.104060780738875397e-01,1.861165105498929495e-01
1.223436748824802411e-01,1.900114233790060891e-01
1.465033631088136223e-01,-1.722785154866450785e-01
-1.972115932567023444e-01,-1.348789680283087600e-01
-1.844982844941484845e-01,-1.777680842450689025e-01
-1.618277534773672199e-01,1.572810310448223836e-01
-2.043540313189763646e-01,-1.285810708747450182e-01
-2.051852973632809218e-01,8.764323310044860871e-02
1.427402463928188203e-01,1.910241422889124019e-01
1.941105928527298297e-01,-1.346535927975982816e-01
1.812208344651345948e-01,-1.512485563269871658e-01
1.668802441834362771e-01,1.321502192041591750e-01
1.016531006172833734e-01,1.730518624590065002e-01
-1.597237037753121702e-01,-1.523241257444682695e-01
9.555643574587456557e-02,-2.219052460517909608e-01
1.294165887226043921e-01,1.565584350371189704e-01
-2.121922088390716110e-01,-1.582040032571322696e-01
-1.195735403334394625e-01,-1.728546158413311884e-01
-1.413008205687567298e-01,-2.123047439544924198e-01
1.732169062976751384e-01,1.311551699696883178e-01
1.569529305633619587e-01,-1.876918955645263676e-01
-1.842106483473330836e-01,1.733146019776977687e-01
-1.508092292300979020e-01,-1.920996945723333627e-01
2.350781899018571652e-01,-1.482033633526984029e-01
1.646234871368449093e-01,1.846791871744449531e-01
-1.448066857074384872e-01,2.180762840552854520e-01
-1.010653914727828867e-01,-1.591134968048891207e-01
-2.035093349972913190e-01,-1.478905386777869535e-01
1.117205321862285716e-01,1.438219796622154933e-01
-1.408334665695915866e-01,1.855703362351142915e-01
-1.502450565950075867e-01,-1.726215942689282579e-01
1.912572349705951580e-01,2.028418421104160596e-01
-2.353323304871553778e-01,1.643232901481051778e-01
2.398570863154998734e-01,-1.298724072145585606e-01
-1.574364006025907314e-01,-1.741139286506814265e-01
1.745957574407014656e-01,1.821275947742964085e-01
2.166640953497620536e-01,1.396884016295618369e-01
-1.791140531966936011e-01,-2.027380209307125536e-01
9.643110132403837076e-02,1.894905915454313527e-01
-1.317753840421388989e-01,-1.519099655165607188e-01
-1.077649277229727337e-01,-2.058173837200756029e-01
1.515622657776175275e-01,1.375903028242198012e-01
-1.964031660732765139e-01,-1.188125557104620506e-01
-1.898353105536285113e-01,-1.445411993539061635e-01
-1.723484798623495240e-01,1.069236193006216501e-01
1.430942908524142354e-01,1.433327922572125712e-01
-2.316713480327434738e-01,-1.244356619323926244e-01
5.992426525199653908e-02,2.069924783291982040e-01
-1.802802055072058041e-01,1.470150602245693661e-01
-1.983274753300520166e-01,-1.880252187222135885e-01
-2.019817225037094932e-01,1.193095862375969513e-01
1.560738656029082294e-01,-1.678568676241972979e-01
2.250997532638308318e-01,-1.226997751706035283e-01
1.302864585665466368e-01,1.856103426448490745e-01
2.313468417190212012e-01,1.545563980143657701e-01
1.984799573245540072e-01,1.624086779425008287e-01
-1.325123950144566631e-01,-1.735079916620527185e-01
1.533297159553003441e-01,-1.402319918911704988e-01
-1.587201735789951218e-01,-1.789589963637107095e-01
1.367074854865691635e-01,-1.356167192972798918e-01
-1.652705391489082132e-01,1.951588802025807090e-01
1.556217957174918787e-01,2.072488340246756433e-01
-1.277129903227157970e-01,-1.394093325506204351e-01
2.020718553282830898e-01,-1.539084076263136924e-01
1.771599762516115339e-01,1.772550607056247174e-01
-2.407216980368874770e-01,-1.043163272785417456e-01
2.336707413607737038e-01,-1.092674914077923776e-01
-2.083113023433157684e-01,-1.473982727018932071e-01
1.166217368762240691e-01,1.597647609936828084e-01
1.611977705680951445e-01,1.372015849384204400e-01
-1.344923181989053085e-01,-1.400484650803504871e-01
-2.345869926960805762e-01,-1.634746520805593906e-01
1.142924649455006880e-01,2.304205875735492182e-01
-2.357974002439358341e-01,1.484991141852391172e-01
2.108024507159349525e-01,1.611800501256654417e-01
1.619262115199603946e-01,1.748882789432830709e-01
1.533716721526124371e-01,-1.889043898302686375e-01
-2.189583496919512984e-01,1.850870965257490341e-01
2.020277333492645488e-01,-9.990684110814843089e-02
1.612949387957736402e-01,-1.166529999658916378e-01
2.025761333837455824e-01,-1.757375171655271850e-01
1.502352586149202640e-01,1.667470491134147859e-01
-1.216595481187695282e-01,1.895932121687607386e-01
-1.951959731954021338e-01,-1.285720706118908818e-01
-1.455269865861882894e-01,-1.633246015157236164e-01
1.823337302761768586e-01,1.721018510876393404e-01
1.382786718693284345e-01,-2.097004981288739522e-01
-2.333643261460080498e-01,7.803675538174108250e-02
-1.626494944402571696e-01,-1.967101366676629048e-01
1.558037412286456536e-01,-1.668544007250872541e-01
1.300643441854473781e-01,1.627646660024336944e-01
-1.532236997340684637e-01,1.985080056866507237e-01
1.532841847856653283e-01,1.910177702581101755e-01
-1.760888528120778951e-01,1.465002425774651895e-01
-1.366020254236655351e-01,1.757259765041280508e-01
1.546255356692020633e-01,1.126624512669220368e-01
-1.670361056356853557e-01,-1.979881408929004272e-01
-1.544840395939804101e-01,-1.980020673903462314e-01
1.706791210917841251e-01,-2.165129589591888448e-01
-1.475903999339214512e-01,-1.462328860563459898e-01
-1.459237585049833197e-01,2.059263926217137219e-01
-1.633340352603900592e-01,1.540580920658466135e-01
-1.490321427623067796e-01,1.805914174848943510e-01
-1.402295930123680645e-01,2.172637272769353534e-01
-1.889197683645838788e-01,1.639675319926185981e-01
-1.948413781455866634e-01,-1.227588613932801276e-01
-8.722839921937945717e-02,-1.746284234859455109e-01
1.885378908875680881e-01,-2.454399342954501351e-01
2.134162166574229691e-01,1.240752670998310769e-01
-1.808068485207325604e-01,1.985823489152554744e-01
-1.418693460332277889e-01,-1.529923392971100082e-01
1.641557403096053080e-01,1.748932069832799530e-01
1.195682487189155124e-01,2.557220008076862561e-01
-1.741708383589788134e-01,1.521070601795995736e-01
-1.584279046956324488e-01,1.469858541978534550e-01
1.986917445783647485e-01,-1.809890076473388842e-01
-1.589953143171562999e-01,-1.414519084914327429e-01
1.448998868996997091e-01,-1.745727540252206278e-01
2.158638427542109717e-01,1.250268837875217753e-01
-1.537861128017367351e-01,-1.682474150504827681e-01
1.267825826306048231e-01,1.913278317668050676e-01
1.750643568929899363e-01,1.439609651512087918e-01
1.989604271530456547e-01,1.185842107755746277e-01
-1.323671210278956900e-01,-1.893179374497676593e-01
-2.217177076534385671e-01,1.254078585510488564e-01
-1.831368329430154707e-01,-1.571106066185123384e-01
-1.572694356192235465e-01,1.766889518151025240e-01
-1.175536160003892855e-01,-2.139753234812303007e-01
2.281161746008801838e-01,1.486267073532189786e-01
-2.002497766325036233e-01,-1.963377594169761486e-01
-1.483006353300498625e-01,1.469282629148493113e-01
-1.711547346583986162e-01,-1.779185982411023437e-01
1.122105326266455844e-01,1.769016932971608502e-01
1.454015498306357457e-01,-1.776125204239652478e-01
2.310270449499261525e-01,1.394849257285721567e-01
1.735006024972833294e-01,1.400414995164036003e-01
-1.656856396707170331e-01,-1.695527825387947995e-01
-1.446629226187372275e-01,1.629701083204604661e-01
-1.771990380685473376e-01,-1.717047718624029606e-01
1.624742718779062234e-01,1.300988942855516306e-01
-1.135735745152330334e-01,1.655449441279258360e-01
1.072853994103032255e-01,1.788045976717038965e-01
-8.632548213617913246e-02,1.386101083976007120e-01
1.674404751230480215e-01,-1.995706725108375157e-01
-1.673699064025677696e-01,2.020758687422392619e-01
2.386618361117803511e-01,1.083898662782384198e-01
1.357811614175384318e-01,2.001855795044646669e-01
2.243558444574859645e-01,1.953573476010907750e-01
1.805845687379910580e-01,1.552783463536411557e-01
1.690201550312402101e-01,-1.799143513748401035e-01
-1.503748461528793545e-01,1.581347086834380689e-01
1.890587684680573310e-01,-1.555354351233425303e-01
1.550877925289498305e-01,2.176469884492028273e-01
-1.504204547942641634e-01,1.431334043765463693e-01
-2.194379627855996273e-01,-1.611222671748846202e-01
1.171534935246238696e-01,1.987762523901156209e-01
1.387416904092833025e-01,-2.067200871617112246e-01
-1.882659361853984414e-01,-1.694488083010186052e-01
-2.291418338294089752e-01,-9.400652420968934331e-02
-2.040343278928545556e-01,1.143992763871745366e-01
-2.263890371873967522e-01,1.375069111057099780e-01
1.690125950108228026e-01,1.588680777939940891e-01
-1.877153702728219242e-01,-1.102241012665516467e-01
-1.674991537800273878e-01,-2.213578123493933347e-01
-1.564671902673369364e-01,-1.818490173000673615e-01
-1.996705750969232362e-01,-1.858348728182345200e-01
-1.904395511025935295e-01,2.115737270625278332e-01
2.116289519509659267e-01,-1.336537120366463050e-01
1.792362750368633739e-01,1.700160464300072283e-01
1.701569908624190886e-01,-2.090041087366650285e-01
1.297619247746124582e-01,1.580389991287824147e-01
-1.855054049958904105e-01,-1.395342166094329928e-01
-1.291804683310655011e-01,-1.880450301552811232e-01
-2.001608357635639435e-01,-1.314810180175904342e-01
-2.530472701157340798e-01,-1.092209921798080741e-01
1.666256361048845669e-01,1.650193537401600796e-01
-1.733815651025965576e-01,-1.600245186897461258e-01
-1.587272531264576902e-01,-1.626301782676420893e-01
-1.744046012463811024e-01,-1.357257919926823098e-01
1.533319290393431455e-01,1.657243483527019445e-01
2.043896124749272902e-01,1.529116199632570283e-01
-1.853848730830386371e-01,1.383278179443766520e-01
1.364869550557226419e-01,-1.760693879211634727e-01
2.322578535524416066e-01,1.068874683346060644e-01
2.363842996709050182e-01,1.703685512284044967e-01
2.096770828448404622e-01,1.156949653379057419e-01
-9.266002125462860506e-02,-1.941849889422761488e-01
-1.890769708357767920e-01,-1.494490677561335634e-01
1.479858590345749791e-01,1.064956303091435380e-01
-1.945959518063916927e-01,-1.328657015541286623e-01
-1.441925016338088394e-01,-1.807451681151664713e-01
-1.886951515651676126e-01,1.771478947288997186e-01
2.379228889245257605e-01,-1.580482526206301586e-01
-1.203889372111203587e-01,-1.893898979126601712e-01
-1.459513671610437602e-01,1.728709620423029558e-01
-2.026821451793431317e-01,1.491545848988662659e-01
-1.639622874802561803e-01,-1.033772829050419867e-01
1.643668014302303026e-01,2.226002063546629328e-01
2.190289227614955203e-01,1.161807949796547085e-01
-1.458339339704301796e-01,1.486687894981914004e-01
1.140292030665586986e-01,1.713769556658208681e-01
1.456618299008073103e-01,1.522024687361522577e-01
1.540523377491254675e-01,1.394819322468981160e-01
-1.792105559053719099e-01,-1.785682758764221001e-01
1.613558474945114563e-01,1.665940590957606660e-01
1.728946395560556071e-01,-1.492774193697027629e-01
1.727272144632505946e-01,1.471208977427644338e-01
-1.203403242019413788e-01,-2.266600097330513652e-01
9.756357358205498820e-02,-1.490127162839506858e-01
-2.014090702959037138e-01,1.236454377326121484e-01
-1.264244393728504445e-01,-1.571295347505593520e-01
-1.489929644829237898e-01,1.929292109382033382e-01
1.717062754668945423e-01,-1.052645941897953491e-01
-1.305060799023135820e-01,1.238163908248433170e-01
-7.728778087145742048e-02,2.574909160977335576e-01
1.939751893349520306e-01,1.568415278026602522e-01
-1.650825939347233817e-01,-1.773023098360801131e-01
-1.306444532418680193e-01,-1.505032425000573937e-01
-1.210322059914387405e-01,1.755040927739257572e-01
-1.696122163430597296e-01,-1.645834753763604774e-01
1.665617932681694446e-01,-1.786196283906262561e-01
1.486388637470916485e-01,2.011253092156711775e-01
1.749486753515516468e-01,1.609159933120608010e-01
1.284387216771920859e-01,-1.946777829188966746e-01
-1.958602064276901700e-01,2.216572237620918484e-01
-1.222525190631263414e-01,2.210221851424481743e-01
-1.175321088334124048e-01,-1.942157673569261389e-01
2.101311720200144117e-01,1.615098638312049695e-01
1.571926258950606947e-01,1.554848247287258234e-01
-1.453179431191726212e-01,1.984143080268220005e-01
-1.441192619227439076e-01,-1.156045482104798849e-01
-2.268439661945335639e-01,-1.649133437973948624e-01
-2.351611173410653177e-01,6.550482117923199510e-02
1.783581422235580027e-01,-1.662550570757027335e-01
1.363234273375810712e-01,-1.691712187655333155e-01
1.739968430750400696e-01,1.762766752537456016e-01
1.786241629573534218e-01,1.600158024988037608e-01
1.913027211334931144e-01,1.654618587528878804e-01
-9.386258131964904383e-02,2.216757415194965941e-01
-1.510211561285763060e-01,1.248851284823083163e-01
2.235909850126406029e-01,-1.483341737324903598e-01
1.749618092649845025e-01,1.716904790851135343e-01
1.700660082327332401e-01,1.391128406528313877e-01
-1.979676662865967884e-01,1.839439822230964638e-01
1.605794000535549493e-01,1.516188432141543918e-01
-1.439548112817271575e-01,-1.429862107770322188e-01
-1.637586214835185516e-01,-1.394835604240289018e-01
1.449180237031504614e-01,2.249342891075550299e-01
2.354842200324592516e-01,1.713885731789227540e-01
1.868522955476843161e-01,-1.946737946575342326e-01
1.182286004631270815e-01,1.754598467902155068e-01
1.167398431964573324e-01,-1.665050450270917914e-01
1.966205271104383145e-01,-1.583577285380299293e-01
-2.408939205392014726e-01,-1.452234302646492059e-01
-1.376865927089089281e-01,1.928434096812030318e-01
1.861205046670363905e-01,1.459981908203915324e-01
-1.843763100832871982e-01,-1.863444297198930677e-01
-1.736486120829986990e-01,-1.702957077060932856e-01
-1.652589201437131838e-01,-1.238543964597510483e-01
-1.457789608083080446e-01,1.853720984595311483e-01
1.601878827462546728e-01,-2.129371539428661086e-01
-1.813483228911082490e-01,-1.991478539252477808e-01
-1.466633439699511210e-01,1.225441455238392569e-01
1.373578260505991522e-01,-2.091338543347161238e-01
-1.679099979375644758e-01,1.946416324331123049e-01
-2.109872743921229477e-01,-1.632342572742942199e-01
-1.335609478687757867e-01,-1.905237861924560516e-01
1.669939599901472116e-01,-2.136659568183418845e-01
1.452843029842572631e-01,1.561898942425395398e-01
-1.445627318388792160e-01,1.473071239526297926e-01
-9.724264222153729265e-02,-1.673474149879127515e-01
-1.264057883172535757e-01,2.152813624595107389e-01
1.967231202687419467e-01,-1.470047813745161691e-01
1.923676838401481293e-01,1.302628961972036870e-01
-1.787832465787927427e-01,-1.891017878069782832e-01
1.328116957776423190e-01,1.645355002769094133e-01
9.577850791378818285e-02,-1.926364540144405169e-01
1.579987706355512334e-01,1.930451923333143804e-01
-2.208495476754687437e-01,-9.893688631573949177e-02
-1.594187019454135767e-01,1.894878068383502312e-01
1.765136230884813695e-01,-1.289703887829156681e-01
1.519628348684856356e-01,1.646627599187178992e-01
1.256192882341375938e-01,-1.941589986685263169e-01
-1.954260796875666173e-01,-2.056895278440198094e-01
-1.531093619117281923e-01,1.128900765395210032e-01
-1.706308727354622634e-01,-1.688526518184631231e-01
1.440907584366335203e-01,-1.749846550037753024e-01
-1.126624100435400788e-01,-1.717289458920694123e-01
1.927125097451048430e-01,1.153442702433080530e-01
-2.242979322062119418e-01,1.747501743928347728e-01
1.833981436794154263e-01,-1.444898793147534888e-01
-1.676144533900604527e-01,1.426525128971991019e-01
-1.625694024014988082e-01,1.420723561411630642e-01
-1.349983874586839494e-01,1.564352203414046683e-01
1.156021264872097443e-01,-2.487984545690662408e-01
1.712845923335899190e-01,1.485192021452614308e-01
-1.706373003283164214e-01,-1.662395644192146693e-01
-1.400668556020631117e-01,1.671819217477421293e-01
-1.336979108920026693e-01,2.031975204181272754e-01
1.653255249057047627e-01,-1.457050116952295638e-01
-1.620758849167228954e-01,-1.605106119647137508e-01
1.598154887998911866e-01,1.809367400989524699e-01
-1.391711381210739007e-01,1.398405712475149221e-01
1.066728930544338372e-01,-2.123321238659754140e-01
1.977297178592557769e-01,1.737596692278232657e-01
2.088264728094919032e-01,1.054760037422163427e-01
1.795691621584465381e-01,-1.225186977402085431e-01
-1.398439250481352536e-01,2.490361540536311369e-01
1.924560588211703671e-01,1.263566281332193231e-01
-1.346725849295966337e-01,-1.404199556147537054e-01
-1.791891713315919565e-01,1.825807467502512660e-01
1.288578573909217317e-01,-1.531334959254766204e-01
-2.073769072657246082e-01,1.748814008344593829e-01
-1.683894422375080413e-01,1.419022465525166532e-01
1.859520810015131698e-01,1.482595595812441769e-01
1.459835332645608441e-01,1.981054227061226081e-01
1.259524544715282524e-01,-1.582719745830165337e-01
-1.770060733339530179e-01,-1.527550536281088167e-01
7.536409428208391825e-02,-2.482579261315940866e-01
1.463325847488542442e-01,-1.553120899691520507e-01
-1.998706685961441909e-01,1.697957661785847727e-01
1.217114290258630854e-01,1.604796540389423487e-01
-1.788585879380363008e-01,-1.418113295776114724e-01
-2.178017291271766021e-01,1.592113580510569892e-01
-1.465644357796083430e-01,1.588027541005658516e-01
1.406342524452541265e-01,1.567857035805090005e-01
-1.502743921996506637e-01,1.644703496455074687e-01
2.267222218794235078e-01,-6.528053724241869582e-02
1.375827827806665737e-01,-2.116957719247495040e-01
1.760961741655445167e-01,2.069481344088601182e-01
1.307828558600852564e-01,1.780669009168839856e-01
1.581270070196169886e-01,1.545649508532568051e-01
-2.187760639768753512e-01,1.757487957348175811e-01
1.779702497116378290e-01,1.429196472518492467e-01
-1.149996948766991572e-01,2.107884619428067596e-01
1.926860662205608088e-01,1.726744355805061859e-01
-1.744226281039059356e-01,-1.903513434472741961e-01
-1.284472408916933484e-01,-1.429528658943066133e-01
1.306011804313025326e-01,1.924001735981852035e-01
-1.249199659694870818e-01,1.308246939166237410e-01
-1.422223667093223121e-01,1.950666881692459942e-01
1.751664943506033856e-01,1.681375701089453112e-01
1.786847962222106456e-01,-1.307736523403187634e-01
1.957655031524301870e-01,9.291612114894731711e-02
1.658031216664340446e-01,1.687646666964068842e-01
1.394905896544654522e-01,-1.968436872313401587e-01
1.246886071784519129e-01,1.713764097285861709e-01
1.778355542617856833e-01,-2.128595075431853056e-01
1.501802197279437645e-01,1.188186484717226321e-01
-1.830079554556498511e-01,-1.194901511340686062e-01
-1.510600267311229261e-01,-1.393664652711598395e-01
-1.575085044362185271e-01,-1.782273822514100770e-01
-2.195914538184532416e-01,1.598576720054386835e-01
-1.537050061772574916e-01,-1.665213289018130094e-01
1.294347644147662013e-01,-1.707278399468667163e-01
-1.781274215935531036e-01,1.524410082722982840e-01
1.472772712616177981e-01,-1.881784634397971612e-01
-1.747971974568070797e-01,-1.562844666359091972e-01
-1.104250473449029379e-01,1.825097990049568963e-01
-1.525933273638472587e-01,1.224227922125901008e-01
-1.980651997464351888e-01,1.256694176473602820e-01
1.316107693239390031e-01,1.895288376760918547e-01
-1.868530601549064918e-01,-1.406105072217429530e-01
-1.311291761276518475e-01,-1.190875403624318263e-01
2.028191284899615865e-01,-1.463655026553704053e-01
-1.894360522182563233e-01,1.217727206302798154e-01
1.954150328571932771e-01,1.216593287224966291e-01
1.956153296534109687e-01,-1.108005104751291492e-01
-2.257004343399899304e-01,-1.205475905221112670e-01
-1.682104663401809974e-01,-2.066425550733193839e-01
1.736561017854269251e-01,-1.145667115811847686e-01
-1.440445735842838804e-01,1.730073462230992121e-01
-1.210084188648468811e-01,-1.973571194459345646e-01
1.936846342156784695e-01,1.665400113813319816e-01
-1.091222715957106404e-01,2.192869865054743184e-01
1.883635201171559304e-01,1.617059720029424552e-01
-1.502229775732525363e-01,-1.351685929334257574e-01
-1.067303269853580455e-01,-1.161708162287159590e-01
-1.371172202524026384e-01,9.504361334030315966e-02
1.297598472214376020e-01,1.851478787527464642e-01
1.549328262727180661e-01,1.521900583352245873e-01
1.952084881796216365e-01,-1.497307528102353735e-01
2.025131705545528127e-01,1.593180408217808597e-01
1.416829879596420427e-01,-2.573265995832545450e-01
1.779238536255193792e-01,1.753545026118671357e-01
-9.918248272345175920e-02,2.314297107955052835e-01
-6.441257897623776929e-02,-2.104020707042096594e-01
-1.991448755346711397e-01,-1.471665789839944338e-01
1.881933602493068847e-01,1.439363128882714116e-01
-1.822702113706499982e-01,-1.263385282988803704e-01
-2.192658218096056877e-01,1.493966902895453308e-01
2.163488942546663019e-01,1.872838534563722734e-01
1.263989674708282662e-01,2.604225332755600308e-01
1.667083579119862935e-01,-1.681769630560537021e-01
-1.514056030848980883e-01,-1.438274210785704665e-01
-1.712839683583944339e-01,1.184922418563439522e-01
1.845254514889769215e-01,1.188376683507314513e-01
-1.720349382567353813e-01,-1.812226218216291818e-01
2.044406567581951717e-01,7.121499874944015041e-02
-1.559335386367205478e-01,1.750003256791095030e-01
1.813864448104943461e-01,-1.219300741309431169e-01
1.583336565083095782e-01,1.540150793720093669e-01
-2.003767546600298266e-01,-1.109516202729965151e-01
-1.687147736881189353e-01,-1.546077575080302968e-01
1.575040260661474123e-01,1.720013437425831349e-01
1.476126755309594418e-01,-1.713993198373259252e-01
-1.751208490707192589e-01,-1.432100502440231404e-01
-1.936450240637169473e-01,1.092691633882290209e-01
1.448643627906056330e-01,-1.732943913669942049e-01
-1.680804641394850751e-01,-1.398719623736149331e-01
-9.922538809451665609e-02,-1.708000662933679970e-01
-1.675717805478625366e-01,-1.173838692725485272e-01
-2.153534084244767555e-01,1.345631305507640207e-01
1.643725735472649496e-01,1.305031796693894020e-01
-1.173446646477446925e-01,2.749602715245297868e-01
1.674112144830780802e-01,1.967314104565668909e-01
1.701352035085192949e-01,-1.537532344051610878e-01
1.527204000883730373e-01,1.649951091715419205e-01
-1.534345403152212461e-01,1.950261674265770240e-01
1.391264818939858261e-01,-1.673951060798703760e-01
2.001471006751232018e-01,1.832958939223789940e-01
1.628157290535433011e-01,1.708691243353795408e-01
-1.532455410509276084e-01,-1.491581754434566087e-01
1.684603670614041593e-01,1.529468910599044718e-01
-1.867649236583069916e-01,1.892418882148408921e-01
-2.444266429354687020e-01,-9.444882667391416020e-02
-1.722178051343073446e-01,1.094304036537864649e-01
-2.050128284491494202e-01,-1.373376703362211571e-01
1.733099413257121191e-01,1.393862956830265454e-01
-1.914155763017952039e-01,-1.471212544811490164e-01
2.023412513724253126e-01,-1.356812939950864660e-01
-1.572901155763379855e-01,2.096552505916408904e-01
-1.478449742698595970e-01,-2.125566145461831868e-01
1.695480821485661205e-01,-1.623531638794428467e-01
1.926394129439996106e-01,1.333706529188359857e-01
-1.951071624719164788e-01,-1.872560990832837502e-01
-1.701877706673489699e-01,-1.393021422643052620e-01
1.597686227973680595e-01,1.670045339555642216e-01
-1.278325922611424637e-01,2.251440005486154416e-01
1.652088761577966969e-01,-1.647189155165588448e-01
-1.926811706439220395e-01,1.367690848779060109e-01
1.508238348251510763e-01,1.636642666815662228e-01
1.975072489008135868e-01,1.285818017925660639e-01
-1.687222532426025656e-01,-2.199531450571765023e-01
-2.263959253380457837e-01,1.468460668021666360e-01
-1.394690639211718375e-01,1.327295274022146365e-01
-2.067189201250377861e-01,-9.777168971095709371e-02
-1.975198971290039185e-01,1.263633536033438309e-01
1.951325656890591231e-01,1.236251342066128772e-01
-2.168881891816155927e-01,2.143350005300281580e-01
1.437977687681870620e-01,2.187740710279244827e-01
1.454456411487108358e-01,-1.631081217515264192e-01
1.518200077226094236e-01,1.694153831873514982e-01
1.831427084370446656e-01,1.054063712223852478e-01
2.534820112915235901e-01,1.367496981903899844e-01
1.589376903356076454e-01,1.745258240247700987e-01
-1.659123265246709444e-01,1.345883879251054960e-01
-1.362812489470981436e-01,1.180029176526539436e-01
-2.200455081279600600e-01,-1.231214742260598044e-01
-1.633108849336636637e-01,-1.521769779785018539e-01
-1.384049553956748779e-01,2.133072689970240132e-01
-1.612104584674362573e-01,1.167798257011064961e-01
-1.579015545249983776e-01,-1.524834016524618252e-01
1.289510081702255895e-01,-2.035987558706301714e-01
2.184014790602755440e-01,-2.015718912910688665e-01
2.031890397932796244e-01,1.584739530093731141e-01
2.066135921306126721e-01,-1.073511599017047125e-01
-2.332201528700686699e-01,-1.399127139489960703e-01
1.707668595706875181e-01,1.632959068023350502e-01
1.621611282708751434e-01,1.365530908064752635e-01
-1.846596625028348038e-01,-1.633258354466615436e-01
-1.784471839026951501e-01,1.641536119725865439e-01
2.438813195222517272e-01,-1.500390704143662046e-01
1.670988933986183589e-01,-1.371697453911770725e-01
1.455252138306493415e-01,-1.941268056859727920e-01
-1.635269175901473138e-01,-2.112314859635991693e-01
-1.695720508015425843e-01,-1.313121939875783462e-01
2.018395541255217918e-01,1.967508371290950797e-01
-1.314028146463018798e-01,2.601871724166388011e-01
-1.427134775132922195e-01,1.412403381140010517e-01
-2.193258428471873411e-01,9.438860378148261621e-02
1.522876935897166384e-01,1.255168651570818528e-01
1.049661153973112659e-01,-2.240265128123747340e-01
1.625289777787685130e-01,2.042336020913906314e-01
1.866235775455963308e-01,-1.887289604684080635e-01
-1.811493765466553330e-01,1.396733519601117968e-01
2.133826248122960567e-01,-1.544942199315274267e-01
7.775034304244933525e-02,1.924420569344111875e-01
2.113322059204781334e-01,1.615176443104714699e-01
1.981404321755605991e-01,-1.845121635037718644e-01
1.513486826410959385e-01,-1.434775166358159826e-01
1.126546144853328019e-01,1.761877474009836408e-01
1.969833243374765896e-01,-1.572712026106393157e-01
-1.699495817452235102e-01,-1.481450340139932320e-01
1.165200319920110389e-01,-1.938526535902571624e-01
1.637593278572622713e-01,1.402592570321582466e-01
-2.200942812577777741e-01,-1.660120622499050014e-01
-1.408635272104497294e-01,1.502140168591990788e-01
-1.789572842976974998e-01,-1.592422217069123236e-01
-1.264199539321576859e-01,2.199294842066458200e-01
1.228096207420202729e-01,-2.051966859827648315e-01
-1.400378381871200117e-01,-1.848100437079872871e-01
1.803862562948640169e-01,-1.504312379667198385e-01
2.074903896227615896e-01,1.087210123681580654e-01
-1.728353312547432907e-01,-1.692725591699011933e-01
1.283832221630519521e-01,-2.293596546919868806e-01
-1.637211333717314699e-01,1.338019227827152435e-01
1.914712269107398390e-01,-1.803555960173005845e-01
1.797906818007287411e-01,1.098618517922652499e-01
1.841576239013334171e-01,-1.637905379821941176e-01
-1.461688365769649167e-01,-1.466402763090148553e-01
1.921916413799726053e-01,-1.833797457748267135e-01
2.131273329849824871e-01,-1.480014480165887381e-01
-1.540350257040713766e-01,1.449013057166504415e-01
-1.921384251281568201e-01,-1.483260459954542088e-01
2.176749906226508602e-01,-1.806618583786965826e-01
1.550734593522816451e-01,2.146674723222033176e-01
1.930293151001183372e-01,1.762048440052718379e-01
-1.412215238863537003e-01,2.330408871526687964e-01
1.729063954704837258e-01,1.501099574322614649e-01
-2.013219938502130157e-01,1.349352707698864284e-01
1.642805778493940660e-01,1.688709738170384167e-01
1.558252567973824609e-01,-2.063766293717715639e-01
-1.622752711219393185e-01,-1.502268314300324037e-01
-1.676860976127841074e-01,1.495764516102099373e-01
-2.249365767014212814e-01,1.175226152276696856e-01
-1.965891849580630735e-01,1.680706735265971308e-01
1.065789549336422365e-01,1.837885349615302200e-01
1.069726409234878217e-01,-1.804554023251327965e-01
-1.919239541300579166e-01,1.620497669583139122e-01
1.903363733592708940e-01,-1.546294350376777038e-01
2.053106687242904349e-01,-1.300392672728074850e-01
1.465769051207145290e-01,1.945664230938840000e-01
1.908187575725535934e-01,1.320677858756602041e-01
1.079223374327177992e-01,-2.228364643643583332e-01
1.534148514512634343e-01,1.564308710349473497e-01
1.515228112277536010e-01,-2.106394363257884927e-01
-1.459066808705987150e-01,-1.520054929008507472e-01
-1.841237695742400649e-01,-1.563472154262973701e-01
1.728159569364306203e-01,-1.903284289486838199e-01
2.112297924858801690e-01,1.265308452400126238e-01
1.337186328255198509e-01,1.704500072406779643e-01
-1.668842344952847501e-01,-1.770762454125922869e-01
-1.180812177814076769e-01,1.994436405113373389e-01
1.896648081575779132e-01,1.795279130822460822e-01
-2.556973832081507192e-01,-1.317512098836501055e-01
-1.487929991340852798e-01,-1.868200239552980646e-01
-1.318963516428935112e-01,1.517390944376795503e-01
2.012340596994773301e-01,1.382465133897205212e-01
-1.571298666419046197e-01,1.831185913402264553e-01
-1.721577653862782498e-01,-1.776008394214567410e-01
1.705697610406554376e-01,2.116256522906920512e-01
2.017628752923447122e-01,-1.082054607488753956e-01
1.787053419634105356e-01,-1.564937576959413712e-01
-1.988206019861253615e-01,-1.612276951725701846e-01
1.746314915986381666e-01,-1.709868976786462491e-01
1.713860774839741641e-01,-1.376486407762343989e-01
-1.859529459155281339e-01,1.491846210604159673e-01
-2.507722786214321431e-01,-1.059122697074201397e-01
-1.252947805708840290e-01,-1.686261986005725411e-01
2.074730512883688482e-01,-1.623848988408121696e-01
3.088449688323125497e-01,1.565849185518185943e-02
4.452969226969615002e-02,-1.118210109935740409e-01
2.264902127244120336e-02,4.203007232781827418e-02
-5.109875421928617573e-02,-2.973943917008095572e-02
-3.563893050938934937e-02,-4.609258133006632376e-03
5.141059388912202349e-02,3.948867875366054297e-02
1.869905777960717205e-02,-5.280296406588172453e-02
-1.978675271508511385e-02,-4.731209789955746758e-02
6.549873272987458139e-02,-3.042718456063608998e-03
-2.026631618943286126e-02,6.972162443606888527e-02
-3.877389039347987898e-02,8.781558186148452627e-02
1.314190246286539576e-01,-3.294450601918458843e-01
-1.264876196311239265e-01,8.908285533389551092e-02
-9.950727516333690570e-01,2.569405051119756922e-01
1.037211429889627196e-01,-6.922437957147506427e-02
-7.049647357533696257e-03,4.950604441298478431e-02
1.819343011098987009e-02,-4.641682084098048416e-02
1.044046372430363669e-02,-3.566797206026305761e-02
2.457937287716533553e-02,-4.893366664014618672e-02
1.749363218832443792e-02,4.626465417317932038e-02
-8.431205762548346291e-03,3.878415983995381344e-02
-4.159662296863789882e-02,-2.472255325130359727e-02
6.619152358372980272e-02,-2.513893119100349405e-02
4.049369724427811720e-03,-7.801809003095763750e-02
-1.238728755515260821e-01,-1.142395341554805765e-01
-7.304457434859923382e-02,7.174612094741521229e-02
-3.150379095409419627e-01,6.406885614534767182e-02
1.733127006446365803e-01,1.731994595332162767e-01
2.070362253106494965e-01,1.834103838995231883e-01
1.814117793948996360e-01,2.061000190997738235e-01
1.958843066225372243e-01,2.159258732276086723e-01
1.950036291570531044e-01,1.995486557676020012e-01
1.476674382693795307e-01,1.520869020796280502e-01
1.822987692047546293e-01,1.605295529141521904e-01
2.175043995717286793e-01,1.928629902813501773e-01
1.975432749179432124e-01,2.246607896571983232e-01
1.791123005392327994e-01,2.025443327783448821e-01
2.370716778117794021e-01,2.564940278397483397e-01
1.673524336756432029e-01,1.568990261783611562e-01
1.905857362027840729e-01,2.125080309430165126e-01
1.331445875813449253e-01,1.320696701701535303e-01
1.855270466896622172e-01,1.720599680102432583e-01
1.704387314598324599e-01,1.826798585562031951e-01
1.820236786398740925e-01,1.634538894240284423e-01
1.936101257877965442e-01,1.714563093986436471e-01
1.943990889683233358e-01,2.075200536038891708e-01
1.408993547332929308e-01,1.561379880948060850e-01
1.873237732319264770e-01,2.133116241375012101e-01
2.089348728482693096e-01,2.029225073856214534e-01
1.862110255786725288e-01,1.848784724790831224e-01
1.977570968812183139e-01,2.109555266736582724e-01
1.713092098908389205e-01,1.507533481833007727e-01
1.395010643804688311e-01,1.570191476051449320e-01
1.680938998435280163e-01,1.656892895622523454e-01
8.879321868351487679e-02,1.007921349749809486e-01
1.366149973816742635e-01,9.891022649329714311e-02
-1.151076937211304163e-01,1.001626358798878569e-01
9.607952111100058479e-02,-1.281011342229153027e-01
-1.219892989637565012e-01,-1.150363819557426864e-01
-1.156406851960289639e-01,-1.080836928043442530e-01
1.127252035256087054e-01,9.922998808913398305e-02
1.024946728209974872e-01,-1.108698660624984761e-01
-9.909011146086509070e-02,1.380619502720370206e-01
-1.215096766820899787e-01,-1.154881635467081558e-01
-1.190979488457505758e-01,1.448703076254090893e-01
-9.445680176497893432e-02,9.398438716916104885e-02
1.111921517821973654e-01,-1.248910690652552391e-01
1.215513028117293504e-01,7.154506421753578649e-02
1.146726335743719349e-01,1.169551815538161094e-01
-1.074917535484915115e-01,1.179307467084057953e-01
-1.242766331896037330e-01,-1.307702760133368503e-01
-1.353906135013095702e-01,9.868063387762872340e-02
1.368527373041570072e-01,1.269408847668955509e-01
-9.439648978228228071e-02,1.469867317991422340e-01
-1.311635567946741188e-01,1.222082152649075770e-01
1.185942581188085820e-01,-1.047539593852514495e-01
1.158203577690364999e-01,1.024291902971355001e-01
-1.740946411033759411e-01,-6.403726327581524269e-02
1.315485711420097403e-01,1.443596944920725322e-01
8.445922165059611963e-02,1.708478785683481549e-01
1.054507356655812328e-01,1.056442794698539828e-01
1.287944721847965324e-01,1.019620702894595277e-01
-1.271731398498805732e-01,-1.357998308665646081e-01
1.392148680226662216e-01,1.274528439637384603e-01
-1.078528780893700662e-01,-1.817575361180133464e-01
1.087588700517257145e-01,1.478404606666685051e-01
-1.995112027481975303e-01,1.217898726553966471e-01
8.097364671641384126e-02,-1.517979593491694257e-01
-1.276769471656849786e-01,-1.815503263503622788e-01
1.472523293868817640e-01,-1.162615029275362172e-01
-1.707584048093465923e-01,1.030564801079631027e-01
1.535253816819332484e-01,-1.079511376224680519e-01
2.061411598342839102e-01,1.332226964552306880e-01
-1.726849578402974983e-01,-9.996637090125139180e-02
1.332139630799480390e-01,1.352487185113998014e-01
1.406481169232945971e-01,-1.527773227171747017e-01
1.331989872133581276e-01,-1.143975305916675594e-01
-1.182582192890649780e-01,1.671940943896549625e-01
-1.327188629465908265e-01,1.439867074498475952e-01
9.937189051076932012e-02,-1.664403190851109493e-01
1.521997301013060522e-01,-1.549491620259306757e-01
-1.535165365708545671e-01,1.472796266753683969e-01
-1.000007466968759057e-01,1.566185099060496966e-01
1.371275925420664676e-01,1.687029266831798768e-01
1.050742676517806423e-01,-1.614576436782753366e-01
-1.356818720149894075e-01,1.338927237618709187e-01
-1.415622751270793622e-01,1.727779456547922921e-01
1.321626792547096196e-01,1.340305013104924614e-01
1.266804054061801132e-01,-2.029249571237371486e-01
-1.335066091534444777e-01,-1.668479725367864319e-01
-1.366635417766617067e-01,-1.378101587689517515e-01
-1.841428637842801030e-01,9.332279438020392448e-02
1.477489569208219333e-01,-1.002123457073528096e-01
9.374187398746666733e-02,-1.436616496540716048e-01
1.695291966803246786e-01,-1.247810304107797308e-01
1.901674040241984331e-01,-1.213563919321302698e-01
-2.024139633490118217e-01,-1.759431573556519968e-01
1.796861148358669946e-01,1.200962106738710372e-01
-1.748036931711851871e-01,1.635656853841494229e-01
-1.741095741759973448e-01,1.257281718896157419e-01
1.249197991613704012e-01,1.378512572594873253e-01
-1.524588556970523923e-01,1.595686495431417884e-01
-1.799188813330062087e-01,-1.677374688580238193e-01
-1.227980452756407131e-01,-1.391267936639276059e-01
1.967950447047032148e-01,-1.429122127213780791e-01
-2.235814498524014426e-01,1.370717044426000009e-01
1.855910896662275322e-01,-7.571687529368356651e-02
-1.336746252293448678e-01,1.823680985240253571e-01
-1.668167585090630234e-01,-2.002281888426244161e-01
-1.377729695599441140e-01,-1.452431271831871873e-01
6.874547777874503995e-02,1.802231163337593423e-01
-1.274090461813720820e-01,-1.557437911743416170e-01
-1.649613283198589908e-01,1.730103246891615543e-01
-2.300014408823576884e-01,-9.470428431314231732e-02
1.430964424312961281e-01,1.532028745010762250e-01
1.521998717958618075e-01,1.253135983081926086e-01
1.580492807383746812e-01,1.299292718598561713e-01
1.593987669211005542e-01,1.215633475512744310e-01
1.618956104609328150e-01,1.567388855213031063e-01
1.562275629208518535e-01,-1.790933693836807283e-01
1.865224541729627317e-01,-1.254174520731564102e-01
-1.562218540023275481e-01,-1.875260491854011113e-01
1.682464157595303100e-01,1.092822450613152585e-01
-1.521946425970470973e-01,1.999494825452097224e-01
-1.825887910361774502e-01,-1.287161261501699183e-01
-1.596037323047902745e-01,1.411010983625067827e-01
-1.432206886019618819e-01,2.114955564198176541e-01
1.631929542222554930e-01,1.341921843980230789e-01
-1.357441241055382664e-01,1.854201864255091148e-01
-1.697260749123032653e-01,-1.403022016254044657e-01
-1.322774746792212963e-01,-1.661487060668761506e-01
1.378970866343702806e-01,2.190361921979845639e-01
-1.403603244229031655e-01,-1.506505794469734094e-01
2.050500002167171543e-01,1.734070333553806298e-01
1.504938344165736297e-01,2.037836140188546974e-01
-1.644239099885048683e-01,-1.813918159165006927e-01
-1.620633404631471042e-01,-1.535208189576063031e-01
-1.172061806298765607e-01,2.408202396291219682e-01
-1.375718826034393050e-01,-1.762790759132568663e-01
1.806815282915344989e-01,-1.270477370937954931e-01
9.880530969874622149e-02,1.644617279084115424e-01
-8.931324954092403900e-02,1.532891444714689910e-01
-1.685738815334789087e-01,-1.654932525220944306e-01
1.613190373532332467e-01,2.003005340267161594e-01
-1.221257237333099460e-01,1.609831214582512493e-01
1.913842931612906584e-01,-9.717427291711051851e-02
1.070235579322721675e-01,1.506701005283473671e-01
-1.488279028844060325e-01,1.845847970563417872e-01
1.661370108442771221e-01,-1.763305131778198920e-01
-1.730658532239744696e-01,9.869676864204200706e-02
1.958279167229046436e-01,-9.596087824047878911e-02
-1.416407215783553886e-01,-2.526244632116336208e-01
1.795890895238749785e-01,-1.571569587751013020e-01
-1.178894546232723689e-01,2.094059069687950470e-01
1.660130456481466732e-01,1.638832138973920494e-01
-1.597853991080556424e-01,-1.569487088559456678e-01
-1.685694407338515499e-01,-1.853945072668691796e-01
1.723296602604406924e-01,1.415823194839081756e-01
1.966335990812479728e-01,1.290455901194660360e-01
1.294720961415818106e-01,-1.952786742248237561e-01
-1.078938030544518978e-01,-1.975403367214988992e-01
1.677206304086165667e-01,-1.537132621110942343e-01
-1.716191837732667647e-01,-1.558844370030944559e-01
-1.412916702866261198e-01,1.839957276397285457e-01
-9.861196908546771001e-02,2.174169907623279552e-01
1.522859177670794206e-01,1.564392688277146115e-01
-1.590718007341560269e-01,1.670890475691921839e-01
1.838977104772288318e-01,1.174398916333246612e-01
-1.529123442580756775e-01,-1.208304635095943103e-01
-1.349444808138317298e-01,-1.470558951402099190e-01
1.886374444856584731e-01,-1.564049158207470591e-01
1.960626150460081374e-01,-1.423146314312519201e-01
1.523281313496904210e-01,-1.529897984398169708e-01
1.255517039140664481e-01,-2.286482583989544737e-01
2.255918321541466320e-01,-1.210376753823062812e-01
-1.858891130168467964e-01,1.358589035243535637e-01
1.813510623198769378e-01,1.709188391484518232e-01
2.308452914004872902e-01,1.308912128420165744e-01
1.358284655845143629e-01,-1.434394659645617520e-01
2.015210287779513054e-01,-1.183873191030282018e-01
1.751023997315451497e-01,2.034293102570633449e-01
1.978787190594612222e-01,1.419541852098448464e-01
-1.731591960928856033e-01,-1.944469268357122971e-01
1.721263691234427018e-01,-1.591061520959600739e-01
-1.497563332147585913e-01,1.548291449943172693e-01
-1.407651293381357027e-01,-1.576588905016994557e-01
2.037961576977813383e-01,-1.273048124617042198e-01
1.866196614111088337e-01,1.169492300844056226e-01
1.821750397487665873e-01,-1.899892843831862965e-01
-1.428236717668554812e-01,-1.707505381353575935e-01
-1.031550764396226560e-01,-1.864453685872433097e-01
1.093131831731703890e-01,2.378785712994083978e-01
1.782251782107007465e-01,-1.988276026357517212e-01
-2.289057867318332884e-01,-9.399248726671756426e-02
1.426648011153737183e-01,1.421210967748112453e-01
-1.520476960667748456e-01,-1.110529347041823434e-01
-2.038101091885956562e-01,-1.696178076157138226e-01
1.530725334997795062e-01,-1.458411255234336734e-01
-9.163915238458655854e-02,-1.701453165877394591e-01
1.381413597634510160e-01,-1.667781730906893745e-01
-1.797427625179423838e-01,-1.891523974018474163e-01
1.712187958191289938e-01,-1.176881192057450259e-01
1.855435166678120473e-01,1.105288329033032313e-01
1.897239431509944452e-01,1.530034806467699127e-01
1.995165202075511457e-01,1.393977463787910986e-01
1.568201943649853991e-01,-1.532995632910915673e-01
-1.975179551167850489e-01,-1.550641227646690212e-01
1.769196908893299336e-01,9.445250618984225854e-02
1.042524774028949219e-01,-2.152718740979644441e-01
-1.733934025865254136e-01,-9.380161794634954420e-02
-2.013215136964082719e-01,-1.223130899889226797e-01
1.063452437403678702e-01,1.843482386700252551e-01
-1.599382755555708580e-01,-1.243200660061430374e-01
-1.552240404798815310e-01,-1.588718599764386841e-01
1.592780304638982125e-01,2.329088833932926039e-01
-1.521400534028015117e-01,1.301146073590381813e-01
2.020608438146788421e-01,1.579320763444910236e-01
1.452325140001403947e-01,-2.352630352804203073e-01
-1.394992378371885111e-01,-1.989595016392960714e-01
-1.643945796624208533e-01,-1.880026606434891667e-01
1.747619241768262055e-01,1.593877284100183589e-01
-1.541761504238879643e-01,1.606998561930496894e-01
-1.693332147783905839e-01,-1.898279109792063435e-01
1.786961091370181387e-01,2.218996189200922731e-01
-1.723825025246067955e-01,-1.488845521834065155e-01
-2.196359984483165217e-01,1.438703712302074611e-01
-2.258485580583699803e-01,1.014718023695464627e-01
1.293251687144320872e-01,-1.930501507415238183e-01
1.392505066974099315e-01,-1.668373699993679349e-01
1.431712201170499965e-01,1.961569984817865264e-01
-1.716008376488567522e-01,1.137180333009076283e-01
1.579782545982820752e-01,-1.347356389740161087e-01
1.424231704402791343e-01,-2.181911828149480093e-01
-2.339072199749674674e-01,-1.331843254723421854e-01
1.813560009753369118e-01,1.755472362072861836e-01
-2.138499546778813432e-01,-1.439387986188596369e-01
1.797764666083506990e-01,1.680429104568604282e-01
-2.007401151642070336e-01,1.560837479637461611e-01
-1.700498979996317439e-01,-1.506086975604503941e-01
1.934060958965951871e-01,-1.869283170833677676e-01
-1.650401175932722231e-01,1.432191496916027373e-01
-1.554641036677935351e-01,-1.503316701815953782e-01
2.040383426627578600e-01,1.312273476177522047e-01
1.836208787982747392e-01,-2.337898328128852343e-01
1.788328679083160955e-01,1.118200297153883194e-01
-1.498703896788697310e-01,1.567726045843069183e-01
-2.208178939071267222e-01,-1.603954416644058356e-01
1.454697645365867209e-01,1.321376105947276169e-01
-1.507959389378670523e-01,-1.336540484734712320e-01
1.588351227784800257e-01,-1.184801068502659011e-01
2.103946007582034594e-01,2.322846773154429167e-01
-1.966908737838100885e-01,1.499700171968004203e-01
1.328804684276173043e-01,-1.263523370754466857e-01
2.006851573482666129e-01,1.473297675834902565e-01
1.608261911298405067e-01,-1.398751254091643859e-01
-1.981889035963007584e-01,1.378684290857144779e-01
-1.875001238888862332e-01,1.600042263480812021e-01
2.505067887018564976e-01,1.283581414359322992e-01
1.604200231372497620e-01,1.509061746058852072e-01
-1.101237394852685875e-01,-2.106836883170666863e-01
1.252106370497167165e-01,1.650709742838205873e-01
-1.406918893808974669e-01,1.762719814245232997e-01
-1.705135857018617862e-01,-1.756293451185804433e-01
1.284762700063330487e-01,1.801035312390513454e-01
-9.043918491412468452e-02,-1.632103174853850314e-01
-1.769938239393410717e-01,-1.616850050935997873e-01
1.251688382084583662e-01,1.994086489952032470e-01
9.211072347600622601e-02,-2.195435667157241977e-01
1.331351369108820237e-01,1.924973869703010543e-01
1.288696324900417134e-01,1.505889404364905981e-01
6.822683769156354106e-02,2.338994010560173364e-01
-1.574526968964768403e-01,1.349187892949339773e-01
-1.424881918254163604e-01,-1.709992875764020093e-01
-1.085404988890496525e-01,2.340524278673373759e-01
1.492071412904082683e-01,1.548432007889864459e-01
-1.825544960623106117e-01,-1.294423149637672077e-01
1.164335717011744514e-01,1.547333862468769361e-01
1.257358395459282074e-01,-2.205909693864084031e-01
1.085603933237669905e-01,-1.953353541725879050e-01
-1.868849054782483199e-01,-1.544559573404531982e-01
1.742262672347095753e-01,-1.695215251281519397e-01
-1.673066848129334816e-01,1.734578142085064500e-01
1.790429370619978366e-01,1.516076825711747955e-01
1.806436131919532950e-01,-1.428034844789181912e-01
-2.158872560340199809e-01,-1.089259549697130514e-01
1.969930242667193854e-01,-1.715994319527255618e-01
1.555871528779675383e-01,-2.033159995458220792e-01
1.787118492870834741e-01,8.997967355789515675e-02
-1.625664906317161595e-01,-1.592271874167206780e-01
-1.789183004688064127e-01,-1.354985900327209392e-01
-1.575070076185358103e-01,1.692594182512549283e-01
-2.448043882165051865e-01,1.808862817100420350e-01
-1.412994174608037112e-01,-1.510560737506782270e-01
-1.825983924895387411e-01,-1.652585197142680540e-01
2.212205499797451069e-01,-1.551043244786285968e-01
1.799758187758095374e-01,-1.043812435064975647e-01
1.733851081279848549e-01,1.577243404705660490e-01
2.367700299050372048e-01,1.176006845250814475e-01
-1.861131942221517788e-01,1.182884182767681425e-01
2.070003110715073202e-01,-1.290743089498442575e-01
1.305720596467501715e-01,1.457430093661186143e-01
2.221330295948307221e-01,1.188636632171460594e-01
-1.734551416120302392e-01,-1.864932084838778203e-01
1.802631243849451004e-01,1.052246640366232555e-01
-1.722792223903822084e-01,1.453622777821570178e-01
1.084953793860662236e-01,1.696006644210473202e-01
1.785871381857601914e-01,-1.161034050108885468e-01
-1.604913967477012982e-01,1.870642457205745346e-01
1.865456682442566405e-01,1.272641178264393436e-01
2.014394707557448649e-01,-1.775510024582918067e-01
-1.984164768039800297e-01,9.298711663591079091e-02
1.525305171095115708e-01,1.929607920972236934e-01
-1.460670935255099501e-01,1.932881168978400899e-01
2.129213606154986282e-01,1.898344140288386883e-01
1.897606250457012644e-01,1.252107701809893059e-01
-1.587133610884945700e-01,2.050508130056433176e-01
-1.695343033952813883e-01,-1.635354810981284601e-01
-1.644972496989338395e-01,-1.714962673301362595e-01
-1.538204481103969123e-01,1.908087102228913090e-01
-1.561103209202787390e-01,2.059544750224704956e-01
-2.049708759373628786e-01,1.305472167562251873e-01
-1.498588559744992998e-01,-1.314654448185342828e-01
-1.902008969239919189e-01,-1.371643598651737517e-01
-1.411448366299264678e-01,1.943904480527776646e-01
-1.674467330160524237e-01,2.022710754769135033e-01
1.482925900666885732e-01,1.538117303779666378e-01
-1.389675372309588375e-01,1.819416900982958329e-01
1.621982490676205368e-01,1.174209985125995032e-01
-1.749480499323486649e-01,1.357744033486840696e-01
-1.740037642543036944e-01,-2.069838229016191800e-01
-2.235148215118166748e-01,-1.413838222142617396e-01
1.172447857209805849e-01,1.890277067865917815e-01
-1.529693745494506429e-01,-1.696913105184700843e-01
1.422629247085339665e-01,2.092015184994869548e-01
-1.430573831012426356e-01,-1.836961525146122987e-01
1.520655844590577954e-01,2.280314165473272259e-01
1.494137255227027394e-01,1.767900154796705203e-01
2.342726478357568254e-01,1.099544061684038926e-01
1.946102209461225974e-01,-1.034991384448065571e-01
-1.031281823092748823e-01,-2.094657794547674368e-01
1.485913227177816931e-01,1.711403330723156035e-01
-1.780986779190378566e-01,-1.313429993410027974e-01
-1.814936119528688385e-01,-1.738359621992846271e-01
1.659982790793909924e-01,1.483614730963747630e-01
-2.107474889568017595e-01,1.211824150948717649e-01
1.304700518964072020e-01,1.950402783987236488e-01
-9.628026416840411439e-02,-2.105136933293210721e-01
1.462449444516746855e-01,-1.832495252504136862e-01
1.487432169550459149e-01,-1.519442023926313723e-01
-1.665152186289477199e-01,1.443987038539306100e-01
9.864401883957620021e-02,2.084754223713542742e-01
1.460904841690010558e-01,1.984399754855545872e-01
1.867447352478147637e-01,1.508384935184718945e-01
1.531757169295422383e-01,1.792876425738111346e-01
1.703534085963075428e-01,1.529066733993319216e-01
-2.031479297501193049e-01,-1.888175742381213440e-01
1.226350486078697788e-01,1.532395821138609060e-01
1.324868640797773056e-01,-2.121756251947060357e-01
-1.810644695276693306e-01,-1.332697057313307065e-01
1.293166689134198355e-01,-2.283109514570131615e-01
1.055425723024526891e-01,1.938829971953313636e-01
-1.889462891456696880e-01,-1.490000633461052437e-01
-1.555159954644227682e-01,1.926579553042669091e-01
1.804679290208670850e-01,1.748507184077494891e-01
2.085904460048318698e-01,1.543774955186186792e-01
-1.684920343383125574e-01,1.706575025891624575e-01
2.062164473521051200e-01,1.152580600160477975e-01
1.535223244480274918e-01,1.206209450538706929e-01
-1.928128154549777762e-01,-1.461415116283391047e-01
-1.764596638916832438e-01,-1.968586658573404646e-01
-2.182066788830434589e-01,-1.546886388676833868e-01
-1.661915662731669463e-01,-2.325394393487629774e-01
1.909595073093574291e-01,1.456198136200137494e-01
-1.896129998867802924e-01,1.487938192027118967e-01
-1.896832808094719713e-01,1.255718457300496194e-01
9.075577864300948816e-02,1.927496881988870481e-01
-1.680908141542385159e-01,1.923916520925811890e-01
-2.244657157884825671e-01,-1.065494026557480128e-01
1.027109648760081151e-01,1.708304560510212899e-01
-1.962469857038501020e-01,1.113523672931963776e-01
1.435092399107753547e-01,1.498890767164087201e-01
1.084915694709690653e-01,-1.878214526426447706e-01
-1.678574448240272854e-01,-1.675300595192687758e-01
1.644130142310520903e-01,-1.806961750760082142e-01
-2.139405336029982785e-01,1.379916092039983055e-01
-1.714214988105310644e-01,-1.898411877610176324e-01
-2.228697697628368724e-01,1.122405548114913248e-01
2.194706417886197747e-01,1.660333602847879064e-01
-1.328868620926362543e-01,1.931205499735026976e-01
1.282551912733604915e-01,1.715919608252522155e-01
2.019736200627521572e-01,-1.253139673677323707e-01
-1.590572841071674071e-01,-1.990753870945161097e-01
1.942982291612755930e-01,1.739296276032344102e-01
1.782859054894930517e-01,1.456084433314675519e-01
1.553695584382523420e-01,1.847006461375020336e-01
-2.124011467378782159e-01,-1.299485301227265577e-01
-1.564696994316882861e-01,1.731101860783054447e-01
-1.392220997336068300e-01,-1.753712136425338575e-01
1.681993618988866512e-01,-2.045400154463765385e-01
2.317267406971469934e-01,1.550595652190004115e-01
-1.779789664946591077e-01,1.530043486636293859e-01
1.567450739518877756e-01,-1.501030423593615604e-01
1.930526711843441046e-01,1.196419957982027688e-01
1.766038458117594190e-01,1.497663565031394917e-01
-2.139738503253624247e-01,-1.352064607468136948e-01
1.454215133156306905e-01,1.719830572803470459e-01
2.240643508635053738e-01,1.456148821858731235e-01
1.778391641968684045e-01,1.137219594602290745e-01
-1.704241513013811937e-01,-1.599023752539301402e-01
2.069365666247640900e-01,-1.428094007348352235e-01
1.659023873904635626e-01,-1.621454542982152525e-01
2.191937124659493474e-01,-1.624804982280569909e-01
-1.523237043944905833e-01,-1.865124376661129457e-01
-2.233758405317398665e-01,1.503657465803910354e-01
-1.370246553619486884e-01,-1.923359726106678158e-01
2.041862284233387781e-01,-1.258499072710639322e-01
-1.712547178964595462e-01,1.566307854857458548e-01
-1.263573070137096743e-01,2.198274284911405085e-01
1.301309887764220963e-01,2.129722451614788625e-01
2.084817148379061180e-01,-1.145026767494082276e-01
1.436553568845483908e-01,1.761405997277726565e-01
-2.054111173283107439e-01,-1.245481898429975087e-01
-1.724912970758039898e-01,-1.932327268015985589e-01
-1.852425135787014454e-01,-1.725926636684972371e-01
-1.372869242017097924e-01,-2.056073214672320126e-01
1.892531325860904445e-01,-1.263030864699689337e-01
2.075983141355982609e-01,-1.131993199913666343e-01
2.009510461282024429e-01,1.230873683636538735e-01
1.982840525207058835e-01,1.059707078097136546e-01
1.960395625522731167e-01,-1.289329469450248289e-01
2.102803500579217277e-01,-1.175202179425546556e-01
1.311393330465993323e-01,2.224868238905574891e-01
1.450520008141460149e-01,-1.855692164963014534e-01
1.723334095049212922e-01,1.738967860383989483e-01
1.606018808860268932e-01,1.579473861103970200e-01
1.543807679781208919e-01,-2.165600593183144018e-01
1.494619952232482119e-01,1.753416444609544322e-01
2.025138061181325222e-01,-1.731377406718991319e-01
-1.056856758315005002e-01,1.708471843287462655e-01
1.250491736091033368e-01,-2.129115023681169838e-01
1.876141134443712888e-01,1.670681931329845715e-01
-1.304875993711855087e-01,1.119856111530254522e-01
-1.326672737297152072e-01,1.843528858172772122e-01
-1.596730744046813144e-01,-1.435937855605451396e-01
1.940166906816853942e-01,1.475808184225379516e-01
1.569140803883060653e-01,-1.585775677511085113e-01
-1.765667447045485561e-01,2.424158644831045650e-01
1.576824645923451673e-01,1.133059140340710591e-01
-2.133639782108615046e-01,-1.447543484362572297e-01
-1.447978266209438980e-01,-2.032733417805276388e-01
-1.687797784860749772e-01,-1.837066362129343433e-01
1.804919404822626361e-01,-9.612687203774447631e-02
-1.096307380470968873e-01,-1.527545871748919037e-01
-1.520087416695735105e-01,-1.596400255402800339e-01
-2.186368414412348804e-01,1.390831057164605422e-01
1.854618064913867714e-01,-1.671234946666463050e-01
-2.599141766197288761e-01,-1.849069206305322677e-01
7.595196396039630149e-02,-2.185037770157698123e-01
1.866617000908096791e-01,-1.181742663849099234e-01
-2.589573280306115000e-01,1.265117728289499865e-01
1.334255342512367382e-01,1.405112707116772386e-01
-1.664102523615528240e-01,-1.143451307642677495e-01
-1.745893058310730994e-01,-2.208130366160749869e-01
1.694673184502291652e-01,-1.661821593529234642e-01
-1.666935650271816893e-01,-1.612099388601778982e-01
-1.262953306375985130e-01,-2.093885636685542950e-01
-1.052761768815489163e-01,-1.878251710605821079e-01
-1.455693802818832927e-01,1.638261556468404434e-01
1.953876432992439904e-01,1.295586716848194653e-01
-1.714646861537373057e-01,1.638120976494889525e-01
-1.928737136508497096e-01,1.154163851519116601e-01
1.474793192921517726e-01,2.049286976377649172e-01
1.840969530245877006e-01,1.439325113599765893e-01
1.971399941190688787e-01,1.885365830409204135e-01
1.934035724201043083e-01,1.421780394696081085e-01
-1.713893111118146573e-01,-1.511700392881652200e-01
1.758640856914961137e-01,-1.576646925551453138e-01
-1.404503294013989267e-01,1.621359975071701987e-01
2.012068091403428072e-01,1.528430817447152534e-01
1.783126314510048160e-01,1.547256760348929283e-01
-1.756399480424464810e-01,-1.942666319551095977e-01
-1.569920751367499812e-01,1.732479371423569225e-01
-1.953758734781763096e-01,-1.380068618591323848e-01
1.881721997083808662e-01,1.535247852528709989e-01
-1.880384297612459343e-01,-1.523739878126582070e-01
1.868718876610308555e-01,-1.230878352397452996e-01
-1.906800087083962147e-01,-1.531557417715726510e-01
1.897366644895169541e-01,9.290526028791983026e-02
-1.775952956577872832e-01,-1.689824233130869935e-01
-1.518853453472273907e-01,-1.810639943924029216e-01
1.578117440878550604e-01,-1.763030832619914279e-01
-1.259496675739294469e-01,-2.303921155217485417e-01
-1.729970727479014647e-01,1.744998696639356861e-01
1.760563795075346383e-01,1.597156799014745332e-01
1.337531675393786867e-01,1.553448862417118603e-01
-1.544886923767990750e-01,-2.169791287283598380e-01
1.707374242748453674e-01,1.700608312543514800e-01
1.957160799349664804e-01,1.097401238440419563e-01
-8.795833550633540276e-02,-2.076108352415562408e-01
1.876738213804055588e-01,-1.256828737357056636e-01
1.319065251676761752e-01,1.429452377597785206e-01
1.087962797623605316e-01,-1.947442194538570037e-01
-1.550701552064694400e-01,-1.692329329792093828e-01
1.751701139194743739e-01,1.376280175223075497e-01
-9.910353007034866657e-02,-2.340941769769298297e-01
1.251370672783290450e-01,1.991444908231107536e-01
-1.439624646209080039e-01,-1.944578283106281336e-01
-1.474796006800479509e-01,1.940867116082250210e-01
-2.037562153453181535e-01,-1.149713162107651176e-01
1.099454379088009165e-01,1.936469229172551321e-01
-8.873246618609940961e-02,-1.969826150863024927e-01
1.883441873081509454e-01,-1.416018096751750777e-01
-1.832632992781315917e-01,-1.254048107965525238e-01
1.928614703117659812e-01,1.738552429410814004e-01
1.778225892396264884e-01,1.616353911206876715e-01
-1.927564767414664537e-01,-1.833146742604677693e-01
1.904653827102629204e-01,1.648775237754318279e-01
-1.414263634706974249e-01,1.221794941068528872e-01
1.408987630360682142e-01,-1.690389974866628175e-01
-1.828122380288276505e-01,-1.332761077687303342e-01
-1.652070396782423511e-01,1.368159516004340825e-01
1.363009877286043003e-01,-1.788148074577150803e-01
1.299438057999322549e-01,-2.028823692323511174e-01
-1.300452597972285851e-01,1.642692980306985906e-01
2.271125918354792439e-01,1.346823704992762272e-01
-1.351108858826604586e-01,-1.491262234415069721e-01
-1.184873160742735687e-01,2.205565828246937865e-01
1.399261595647129930e-01,1.271946328027153128e-01
-1.492321421380351787e-01,-1.485145173113542050e-01
-1.461948223992368956e-01,-1.416602684485103736e-01
-1.211805452003860972e-01,-1.691915079184260762e-01
-2.242411814050576657e-01,1.019662429056478886e-01
-1.169297800778120316e-01,1.550165179127244441e-01
2.064169151380504941e-01,2.211199372592382584e-01
-1.943222661281112928e-01,1.614008170926078400e-01
-1.744936841827900431e-01,-1.642714600728261420e-01
-1.754453786597909015e-01,-1.662914520500340110e-01
1.914838935611608561e-01,7.372243863563331112e-02
-1.116695034650309337e-01,-2.001473106907384891e-01
2.346911734102851421e-01,-1.176464711381961931e-01
1.121499653207385094e-01,1.363130468671267803e-01
-1.399330380793147310e-01,1.806663385839163971e-01
-1.884061228089357609e-01,-1.561720119276525653e-01
2.124038409940354477e-01,1.432889805745564960e-01
-1.680110096571764966e-01,1.572591156836612158e-01
-1.734030878936179965e-01,1.219801771961640247e-01
1.720655378397424051e-01,-1.024204248293985736e-01
-1.381799043189288478e-01,2.213810612288357460e-01
1.613214978257754006e-01,1.052252440696611474e-01
-1.807209465281877647e-01,-1.520461420359299487e-01
-8.914946024054805351e-02,-1.763661774840170338e-01
-1.427310270049652607e-01,-1.812368883576352674e-01
-1.667228881397957718e-01,1.427976854680335639e-01
1.095633508076585133e-01,1.352725976167468980e-01
1.433147454740126558e-01,1.016319295480915957e-01
-1.485435589881972385e-01,1.845487099465824010e-01
1.727661318696200321e-01,1.779558640037415818e-01
-1.284256920574866623e-01,-1.109924982490558404e-01
1.101772447784900300e-01,-2.014807601969960948e-01
-1.579261167077024020e-01,1.800439588541596636e-01
-1.416672342302734700e-01,-1.921511208889926103e-01
1.638212053365659671e-01,-1.404741078719192460e-01
-2.431695226388203568e-01,-1.178299804632473580e-01
-2.037102465262410622e-01,1.991555504505259921e-01
-1.948972047654700390e-01,-1.460633411790739911e-01
1.967432740014960213e-01,-1.502658255874889659e-01
1.192057934937521824e-01,-2.258801905689802603e-01
1.586110321885011720e-01,1.438266137157214464e-01
-1.346397820724385963e-01,-1.990839184821542041e-01
-1.588233740791655246e-01,-1.760893856818888381e-01
-8.483751497332636671e-02,-2.063602706954480448e-01
2.617896388960647136e-01,-7.978556429824211482e-02
-1.444291154998026960e-01,1.642125786997527259e-01
-1.831738936102289828e-01,1.307984137420659110e-01
-1.365791574041945178e-01,-1.932958163717276856e-01
1.817001618277764852e-01,-9.764028288993448212e-02
-1.577674527757315648e-01,2.040561848574196369e-01
2.051815170484093398e-01,1.054878521994640356e-01
-1.047532439317931524e-01,-1.793044396533295670e-01
2.478909745555584188e-01,-1.258127052121735534e-01
1.439582038527449925e-01,1.637945524620522397e-01
1.907103596142503688e-01,1.373570560044357902e-01
-1.661421989870128790e-01,-2.151447257743894503e-01
-1.511370061538120924e-01,1.958342983148308458e-01
1.411510612486259475e-01,-1.333461646806465561e-01
1.526376584221685040e-01,1.927698919726409388e-01
-1.849790055787900456e-01,1.120642993528790238e-01
1.676347620998977772e-01,1.214951838983027999e-01
1.732636933205916885e-01,1.241705977950652573e-01
-1.936025389531011165e-01,1.141801101030914811e-01
2.525635878349739016e-01,-1.205724163132280286e-01
-2.188608812810770021e-01,1.563138880390960161e-01
-1.696384926966241768e-01,-1.542013885004218376e-01
1.339419500769967741e-01,1.446726027357298772e-01
1.931353939285038457e-01,1.547513745830845500e-01
-2.530963053127320284e-01,-1.374438858287967136e-01
1.543031384552859542e-01,1.450640104474782699e-01
-1.773074129664555243e-01,-1.692310123651228349e-01
-1.279611992384037111e-01,2.061255706007854849e-01
1.877798331955187749e-01,2.046021216636928208e-01
1.758275873500260988e-01,1.831513544968962348e-01
1.514394036241562547e-01,1.649356375428578381e-01
-1.232837214226747413e-01,1.800700358729880879e-01
-1.589007269069263595e-01,1.712088442196798566e-01
-1.352181870487644821e-01,2.306426595069833163e-01
1.548721168752179300e-01,1.633858938202490396e-01
1.659901924310943078e-01,1.658280803694305860e-01
1.669351331748875900e-01,1.546735498723786906e-01
-2.056939785241293228e-01,-1.772236601928799116e-01
-2.071370201326783456e-01,-1.386825986052253323e-01
1.844009927856813946e-01,-1.311604500267211926e-01
-1.206355997918755751e-01,-2.355009064298743682e-01
1.838712793430772596e-01,-1.280575219211851634e-01
2.546721153982808850e-01,-1.313307228046252939e-01
-1.648183188062587456e-01,1.674652125998866981e-01
-1.759056742324569267e-01,-1.469676710161285926e-01
2.212286594396754846e-01,1.380876561427689664e-01
-1.522761940675351755e-01,1.684065729413363188e-01
-1.026604860180345413e-01,-1.537401148331794531e-01
1.918187777284954543e-01,2.204607331826082262e-01
1.111014707890360664e-01,1.682357228310251973e-01
-1.837046791892771591e-01,-1.394538235656852809e-01
-1.336033360466415409e-01,-2.220435138004307474e-01
-1.990030892020946685e-01,-1.676788643938007528e-01
-1.732125432153676092e-01,-1.772100804326713908e-01
1.910602041017221697e-01,-1.282551353801399119e-01
-1.854202385639376893e-01,9.434767524520611126e-02
-2.309249284237219757e-01,-1.159167876101895034e-01
1.595432950166692787e-01,-1.884238382982751647e-01
-1.086947835549078312e-01,-1.476863281620935942e-01
7.478994563281225749e-02,2.053554169544387076e-01
2.300346803525703254e-01,-1.588826535189402089e-01
-1.977485432649120356e-01,1.703516927193801933e-01
1.507895523165769802e-01,1.583244606512517194e-01
1.910257967112089783e-01,1.767052860783009938e-01
-1.696655373366915409e-01,1.638929795194044303e-01
1.904819866416332108e-01,1.366381894235318417e-01
-1.622719487005587491e-01,-1.686586138648387412e-01
-1.917234718283105099e-01,-1.679103705433471205e-01
-1.640261085423415088e-01,1.899907343138234894e-01
1.871942415556069605e-01,2.214182043296528679e-01
-1.332853944813552072e-01,-1.679919839404447890e-01
-1.247347656591012988e-01,1.742474054597531463e-01
1.574679858649336295e-01,-1.697718199785954729e-01
-2.175302910283270774e-01,-1.264291198137211525e-01
-1.744056323067016689e-01,1.597094413208174912e-01
-2.353470585989835273e-01,-1.603688907144150411e-01
1.475935809132631338e-01,1.357932111364159589e-01
-1.502387652707902477e-01,-1.359936271756680415e-01
-1.663720350015374660e-01,-1.744151190526393169e-01
-1.553093712227063550e-01,-1.544110029387426863e-01
2.414522563410985145e-01,-1.221033160771868159e-01
1.665801223768717254e-01,-1.706560402693979572e-01
2.367047590856694306e-01,-1.206018185961742484e-01
2.003306883169082009e-01,-1.707564122415257402e-01
1.048170624352349756e-01,2.264389774974636671e-01
-1.737238028849672766e-01,-1.301456259715918218e-01
2.573816278807102287e-01,1.220603633454748066e-01
1.938561714694448934e-01,-1.006932053027606855e-01
1.713082106464550725e-01,-1.198933573245022782e-01
1.570667632041802542e-01,1.799516943486406118e-01
1.707643652822321556e-01,9.468129154689276794e-02
-1.238595299400731126e-01,-2.153060773421004159e-01
1.756994108434125901e-01,-2.018010316120982528e-01
1.637176118177197104e-01,1.461147597259024877e-01
2.191948634507640825e-01,-1.778451462837334074e-01
1.529511862124378063e-01,-1.203837799381336504e-01
1.737865161943762671e-01,-2.232463232566199163e-01
-1.380575377231671730e-01,2.145342710780341333e-01
1.750548724071371298e-01,2.089790064134220138e-01
-2.053239899770578081e-01,9.938764248122884670e-02
-1.897567615171607547e-01,1.730463677115444410e-01
1.591622224480025716e-01,-1.749454843131868775e-01
1.540862252230435769e-01,1.524873424465714167e-01
1.812530857002516427e-01,1.565877069900851182e-01
-1.910391587188208229e-01,-1.551938284439514371e-01
1.454748710340969253e-01,-1.759797966349481158e-01
-1.403117878871602831e-01,-1.495701766424966384e-01
-1.222638934916372155e-01,2.164536977256169004e-01
-2.303272173604269668e-01,-1.489144927965845022e-01
-1.736644179839814950e-01,1.624645109121992947e-01
-1.497563628199423957e-01,-2.111683482860350070e-01
-2.476864939316474890e-01,-1.170032189054508731e-01
-1.459030313661549005e-01,1.408963539061149350e-01
1.588398347741683259e-01,-1.641204076896549680e-01
-1.209301138219183169e-01,-1.688959136616670076e-01
-1.563488191648542691e-01,2.279949490180142313e-01
1.872665047737299693e-01,1.294184024327904026e-01
-1.659904113722304730e-01,-1.514949349235046594e-01
-1.466998077312644255e-01,-1.718242584494788228e-01
1.413839021497139692e-01,-1.914561637183218312e-01
1.310525191644277276e-01,-1.370964640247624711e-01
-1.637573709315350290e-01,1.428812121248000944e-01
-1.391699339829208792e-01,-1.553611674402287923e-01
-1.752297641480201063e-01,1.825613800869281267e-01
-1.606827942813052190e-01,1.086884226919910823e-01
-2.060726316978003236e-01,-1.830654119547479586e-01
2.461822599842369286e-01,1.207457518063142637e-01
-1.390320255514624626e-01,-1.969723003196219568e-01
-1.503721221021688814e-01,-1.934542837744283872e-01
1.327222347903350974e-01,1.937595421571058629e-01
-1.054429085027197704e-01,1.606401902045640762e-01
-1.844465098690231397e-01,-1.661505877844600965e-01
-1.878953737908611865e-01,-1.684470908855817683e-01
1.316194603347393133e-01,2.071276109520876763e-01
-2.056671199455194776e-01,1.638254595550014125e-01
-1.574110793430703314e-01,2.155871517752101507e-01
1.512773924759001631e-01,-1.681379699550485385e-01
1.398933919964257810e-01,-1.895719536560776797e-01
-1.724646488298473557e-01,1.416803223107725163e-01
-6.379216970645851248e-02,-2.089240738688673271e-01
1.271923045750508185e-01,1.465718496037086704e-01
1.616881430967444244e-01,1.554741745951475906e-01
1.248495270045325567e-01,1.542791059129570985e-01
1.865093340321831716e-01,1.264324656985201800e-01
-1.806739141044194641e-01,-1.006109516395366776e-01
-1.503342843424728126e-01,-1.807303625169401351e-01
-1.758687776288781202e-01,1.624340332501448547e-01
1.158289752012940793e-01,-2.116380910576067254e-01
2.685004255614291124e-01,1.611232562162000226e-01
2.067907861618320797e-01,-1.565073600425838096e-01
-1.926818693900117785e-01,2.251230390567701689e-01
2.043941687870157176e-01,1.410328620020578627e-01
1.407558900579913008e-01,1.754374287824458090e-01
1.616466941464932972e-01,1.800924441425607592e-01
-1.754460865735323338e-01,1.322461411695048938e-01
-1.385224786919686812e-01,2.314747611752902556e-01
1.830572821769046177e-01,1.243937939964095823e-01
-1.781511367317004102e-01,-1.491390630744220680e-01
1.547855751969572091e-01,-1.703385344707233906e-01
1.800650404485917844e-01,1.890656885537752574e-01
-1.635993353416021201e-01,-1.562859499226605942e-01
1.101071776106848921e-01,1.497299708924938189e-01
1.538870551593171931e-01,2.093077271652570293e-01
1.658171787947645137e-01,2.207310817683361681e-01
1.836417774578500139e-01,-1.170133983202256561e-01
-1.739524474198626547e-01,2.143059131234841541e-01
-9.820571059691951543e-02,2.569672829527558933e-01
1.788694274062006540e-01,-1.237031415666937223e-01
1.253322129508957217e-01,2.113945275068280227e-01
1.483637789518278405e-01,1.659929204606177822e-01
-1.750773474248954742e-01,-1.387503120373568544e-01
-1.936442663488222027e-01,-2.020232927644629584e-01
-1.602790047828858977e-01,-1.448436145001521791e-01
-1.637232151515856104e-01,-1.650595436671835614e-01
1.184916029486994676e-01,1.798872106929277348e-01
1.640934176862181848e-01,1.656839292716829060e-01
1.344463352233515874e-01,-2.154532974565850079e-01
-1.326006853161242616e-01,1.751438103403974711e-01
-1.738145676578732868e-01,1.317293831063658105e-01
1.301040903973406659e-01,1.883842386682578751e-01
1.755581159267725899e-01,-1.402628950127083884e-01
-1.607678241041188283e-01,2.100647897425640120e-01
1.701468417857799065e-01,1.317566440601599942e-01
1.430522336434028596e-01,1.381959100905017224e-01
-1.795041084928810926e-01,-1.821548901779547480e-01
-1.813680770539277121e-01,1.181240374801605236e-01
-1.596960628949866123e-01,-1.619197024933748952e-01
1.375810731183064184e-01,-1.618998153053768929e-01
-1.708920815334641075e-01,-1.776265886400404670e-01
1.579896574738540449e-01,1.919837209632884734e-01
1.661593810323488962e-01,-1.606989894566579757e-01
-2.206090291377624801e-01,-1.180598746881227484e-01
-1.505302946784035645e-01,1.919032452453248161e-01
2.217377558146430006e-01,8.019762650185902064e-02
-1.471113654839364127e-01,-1.577994134761288858e-01
-1.080490839811612674e-01,2.253896936185507682e-01
1.796593044885299029e-01,9.662257467202702010e-02
1.531665204558896043e-01,-1.720612823134146374e-01
-1.323142406656015180e-01,-1.104569790405219992e-01
-1.678395210505306268e-01,-1.661511824385209224e-01
1.555651559957221541e-01,-1.278883664778269758e-01
-1.713636051202896138e-01,-1.326844581874402629e-01
1.724411917296999053e-01,-1.687838395594777885e-01
2.056167579608036977e-01,-1.554489988242854503e-01
-1.948822524795504052e-01,1.213218627524664112e-01
2.094625810422513501e-01,2.198620216226378210e-01
2.347246627148367182e-01,1.206536807281032853e-01
-1.574807043556161745e-01,8.406044722685700188e-02
1.213290802783005551e-01,2.136938775520459410e-01
1.269852901317782834e-01,1.614911294427309463e-01
1.577270186488720360e-01,-1.332552441637001872e-01
-1.635575863795093732e-01,-2.102361451931326897e-01
-1.750640170985872657e-01,-1.657926069087309329e-01
-2.099583116552834472e-01,-1.682328190046536165e-01
-1.596192510832370737e-01,-1.913992282087176589e-01
2.051529501923823329e-01,1.393365896800003445e-01
1.829222525693685597e-01,-1.550319202071694935e-01
-1.249302442635437382e-01,1.520526090999984314e-01
-1.620405194632377754e-01,1.122212861552658314e-01
-1.804593972964601556e-01,1.125415516591243559e-01
1.819325882219382240e-01,1.418423807810235970e-01
-1.635769096555796942e-01,-1.398486453070102165e-01
1.721729419995389476e-01,1.460537038119116560e-01
1.870449153527863340e-01,1.619254525705399739e-01
-1.118981523825902241e-01,1.965834868929187407e-01
-1.639924558302500446e-01,1.237001195380856289e-01
1.763586422395270192e-01,-1.812704377924528598e-01
-1.770632181492638457e-01,-1.294734899719895138e-01
-1.826800105290546650e-01,-1.575422324255784101e-01
1.345566276426723717e-01,1.553356653166161616e-01
-1.730430196932997711e-01,1.686417758599796646e-01
1.822279989845019266e-01,1.309748903826267186e-01
1.591709188933018992e-01,1.469680663654985564e-01
2.024119742849487535e-01,1.227327460630027178e-01
1.374050338009892847e-01,1.370313380256834579e-01
2.156358515148937283e-01,1.593706371217153972e-01
1.514044132433066125e-01,1.268969750649087402e-01
-1.693877450540419716e-01,-1.410033300473600426e-01
-1.318240735107744366e-01,-1.753095443290275945e-01
-1.111295894252660871e-01,-2.045547568131954319e-01
-1.872378333057042321e-01,-1.587612101005241305e-01
-1.390829724323083272e-01,1.208752238945879215e-01
-1.643899708355126554e-01,1.487141932503653896e-01
-2.204717105876254912e-01,1.339784244826305870e-01
-1.216608666167494773e-01,-1.514259526576890447e-01
-2.219456192270277406e-01,-1.504354949639621353e-01
9.544434669791332371e-02,-2.253678153178068633e-01
-1.815715174012845490e-01,1.165066416304551267e-01
2.101778386602577153e-01,-1.539545526129638686e-01
1.393996523524045905e-01,1.822739524915602816e-01
1.567075643838888310e-01,1.729983737903260932e-01
-1.707264169507416718e-01,-1.801888124588467144e-01
-1.628910799834981382e-01,1.914493963748951644e-01
1.970477336726709217e-01,-1.422171527011097947e-01
-2.305578937013348928e-01,1.247313108107672847e-01
1.659881761378824427e-01,1.539628628100661312e-01
-1.160221253156429322e-01,2.021800313654524839e-01
1.279479975205956854e-01,-1.713590313044124069e-01
1.591101322604687729e-01,-1.226121838290798738e-01
1.121997628470037534e-01,2.014496781446601659e-01
-1.753356466694250271e-01,-1.719672941820518663e-01
1.917874547638730165e-01,1.572854927704338546e-01
1.741832875220544474e-01,1.574154555138873868e-01
1.584921985526750732e-01,2.032751832095725242e-01
-1.937706071787920203e-01,-1.374272530196480324e-01
1.141535888737189447e-01,1.306833857720160752e-01
1.341509038522865072e-01,1.629173618403865487e-01
1.590391937051632010e-01,-1.651736958253601784e-01
-2.059889407195585886e-01,1.719793195702050137e-01
-1.727634964541504559e-01,1.460748479654881415e-01
-1.597687585906059915e-01,1.488846561174063388e-01
1.755641548644104599e-01,1.403559213582039888e-01
1.868567215627895961e-01,1.089014124841172632e-01
-1.690492446421550388e-01,-1.153135741311562268e-01
-1.725103637961604153e-01,-2.011653925392033748e-01
-2.168821983364197237e-01,-1.030399209719860543e-01
1.802684397880743583e-01,1.319124539539851260e-01
-2.250373350085785040e-01,-1.738345643012504660e-01
-1.930189274655916276e-01,1.884886189302112658e-01
-1.442260065673761915e-01,-1.852174791807474907e-01
1.386090809937310098e-01,1.658310429993417878e-01
1.861772572212188892e-01,1.624142898111850808e-01
1.590186088028569811e-01,1.514140202617072495e-01
-1.203446005180240919e-01,-2.116258097412030414e-01
-1.362024282661493946e-01,-1.785230113281734976e-01
-1.811477736103859482e-01,1.879249813746630415e-01
-1.032560478981649210e-01,2.651375683921629589e-01
-2.063124046675130774e-01,1.172422665129543989e-01
-2.440512982944928466e-01,1.515816667986341904e-01
1.520979884984786645e-01,1.478018734085115860e-01
1.767038161264244678e-01,9.601430277957861970e-02
-2.044991059644414300e-01,-1.965858613192514315e-01
-1.424875184234335179e-01,1.829221548996380342e-01
-1.668066052062472659e-01,-1.848515024382263450e-01
-1.847302116570873065e-01,-1.834859369816010388e-01
-1.907247218875101624e-01,-1.361337660691742668e-01
2.135810351609161162e-01,1.027649474114527561e-01
-1.526389025904923979e-01,-1.046152902971855120e-01
-1.171431778140435143e-01,-1.830551475572257114e-01
-1.869309613598763298e-01,1.057218061795752589e-01
1.634394112076455186e-01,1.509025550309073260e-01
1.390816046154305652e-01,-1.929655614513087203e-01
1.771100753922759397e-01,1.467736898553400338e-01
1.691199529517177502e-01,1.180724437244515118e-01
-2.140258284797069699e-01,-1.762182004949272851e-01
1.220949885045568978e-01,1.969265516927442561e-01
-1.949148767475502586e-01,-1.241175821003399488e-01
1.305592224385843103e-01,-1.768738504871831541e-01
2.097541307700401814e-01,9.002205053426066972e-02
1.841178806009049207e-01,-1.787552827638745623e-01
1.490932533045784825e-01,1.678067102155823276e-01
1.441479875799090149e-01,-2.031035764236348018e-01
1.617390082596437406e-01,-1.761029346726549760e-01
-2.159259809186338808e-01,-1.458737688038088676e-01
1.576543658853118424e-01,1.616088474516108597e-01
-1.590492836180018577e-01,2.205503711441177683e-01
1.661773693414152209e-01,1.246816997472842969e-01
-1.537522330674182813e-01,-1.712337802975554824e-01
1.866945959166805558e-01,-1.380369885278139030e-01
-1.533457232611731280e-01,-1.267769179011264402e-01
-1.375042176025776941e-01,1.702791772247343183e-01
1.345713065850402679e-01,-1.427476707849479054e-01
-1.921978621712790158e-01,-1.399120436571323900e-01
1.376577336982345023e-01,2.064702062867267984e-01
1.746511893129672477e-01,1.837367204689474842e-01
-1.137285647748450812e-01,1.834723069124159223e-01
6.082605065754560086e-02,-1.919105609461167206e-01
-8.856899734864399909e-02,-2.107905175182263335e-01
-1.171860806534599092e-01,-2.327708408416680474e-01
1.523625822114643702e-01,1.826767915454740043e-01
1.749287751183134787e-01,1.562386531851353566e-01
-2.054205578255358655e-01,1.893807772652048860e-01
1.917689194530680097e-01,1.722355686465057711e-01
-1.798486827630073892e-01,1.573707755879235060e-01
1.570560504446463224e-01,2.218322324314221938e-01
-2.118061008140435242e-01,-1.551524721768134107e-01
1.902612485781947915e-01,1.852440275794512703e-01
1.889912014572528998e-01,1.181118942934244742e-01
1.429130337973481546e-01,1.831009309499763704e-01
-1.183556098913497306e-01,-2.091362696889065287e-01
-1.638422533700044370e-01,1.437363795103663022e-01
-1.613676422569527147e-01,1.983629964326796002e-01
1.216431536680876169e-01,1.293784719227492330e-01
1.811795687357604379e-01,1.246170944219135990e-01
-1.958891258091599308e-01,-1.477902056529642461e-01
1.443831288358541909e-01,1.612447136389809910e-01
1.286442788693540618e-01,-1.725123573068126359e-01
2.381797895689607425e-01,1.631493792794830033e-01
1.756396181254522015e-01,1.340323988329325533e-01
1.775578399465197188e-01,-1.903267945481584844e-01
-1.905815036743121749e-01,-2.037473754391885550e-01
2.105329244895851049e-01,1.117565757966256512e-01
-1.473445554462206875e-01,1.768950425641253599e-01
1.551428637321622672e-01,-1.978252888715827662e-01
-1.875868290555676721e-01,1.602456959628809352e-01
2.305286547371241113e-01,1.350124362035573511e-01
1.981732509966154798e-01,1.345020327153316486e-01
1.846940061995858140e-01,-1.910848517604447905e-01
-1.865054852292561405e-01,-1.591104856251919220e-01
-1.633204059642770489e-01,-1.935908129550912848e-01
1.681388772474333437e-01,1.753872731789228312e-01
1.771669948207688638e-01,-1.261259874256234481e-01
1.679708273597683155e-01,1.835459806479213807e-01
2.101739312988075425e-01,-1.349617506323899097e-01
1.210224416812745590e-01,2.067921274442800494e-01
-1.649892362954705205e-01,2.147816687363761357e-01
-9.274274313546812532e-02,2.311139899268015441e-01
-8.604821813199250991e-02,-1.731184768953530628e-01
-1.558796880592108747e-01,-2.078876276957072611e-01
1.316899696333115322e-01,1.698182537755688892e-01
1.254988373339979979e-01,-1.808343893319435958e-01
-1.781001228240803869e-01,-2.022922413620246995e-01
-1.810602584052615760e-01,-1.468037214968593851e-01
-1.337057976938965664e-01,-1.703939996790025668e-01
-2.166533219593057003e-01,1.424719925531644227e-01
-2.091742486061966833e-01,-1.751025567090896407e-01
1.381737110783751443e-01,-1.607877685301132842e-01
1.878932911846946663e-01,1.246484970584116198e-01
-1.723027260750798484e-01,1.472571612127650809e-01
2.143952654100724220e-01,-1.233885827093299109e-01
-1.529561453740617138e-01,-1.672222904415158473e-01
1.430591444656718336e-01,-1.963156434382203330e-01
1.337274607055338460e-01,1.417455825997357421e-01
2.037490666506969750e-01,1.530283407012968111e-01
-1.659565262405447716e-01,2.281238871458297346e-01
-1.562282787084076918e-01,1.774200453015195023e-01
1.372292802703807546e-01,-1.925945834208181717e-01
1.840529089342576308e-01,1.635206765029847409e-01
1.706807600566501992e-01,1.398956241038662174e-01
1.688552643782075535e-01,-1.432157532685937873e-01
1.764275761773373974e-01,1.738152845647498168e-01
-2.271668760495667294e-01,-1.093307952230827135e-01
1.872733728758861627e-01,1.502223633097733158e-01
1.742372564130128809e-01,-2.086017411303512925e-01
-1.854517009716244724e-01,1.367212204680315069e-01
1.108632859062232551e-01,-2.470979837527162160e-01
1.506283692959279608e-01,1.565467656321661016e-01
-1.551276632404316180e-01,-1.867207035688164263e-01
-1.812091648926390519e-01,-1.293948670076553731e-01
-1.606788190362265223e-01,-1.830023838742926290e-01
1.377972630011033150e-01,-1.571771571828659841e-01
-1.659299732702935182e-01,-1.440220503893517023e-01
1.750394239577776068e-01,1.655696862032933203e-01
1.644242053192769837e-01,1.806401264850081845e-01
-1.243427977443672672e-01,-1.781702086467655544e-01
-1.570478289756994106e-01,1.846761999058672277e-01
1.758298790565960557e-01,1.034962203902491246e-01
2.197316355605076765e-01,-1.285427628937344247e-01
-1.962127829711467208e-01,1.229296869758708943e-01
6.066670373363163699e-02,6.247714214513894887e-02
-5.582572701041444568e-02,9.020281605009582149e-02
-4.917008200201961055e-02,-7.669039595120255570e-02
7.205052808040385282e-02,6.162192365105082642e-02
7.370489755079111249e-02,-6.171339139530168660e-02
3.554231994525398203e-02,9.681358854105176492e-02
-5.823353305787128814e-02,8.591424591332406935e-02
4.954724725215815806e-02,-7.175058592511888989e-02
6.665116448943686489e-02,6.073875629880501337e-02
-7.105901569530891082e-02,7.097528341184948519e-02
4.960597310628918344e-02,7.370478901958309181e-02
-5.604692063075605857e-02,-8.366049006206222050e-02
6.507826305743734385e-02,-8.704484173673086855e-02
7.399345960500028352e-02,7.782907024549398645e-02
7.735848955186859499e-02,5.230998803795113700e-02
-8.753520462611860675e-02,-6.643925851170012775e-02
5.394100921519761477e-02,7.011307694314804217e-02
-7.886519938042249600e-02,9.412540531168675506e-02
-9.614447892092166381e-02,-4.645230706080540756e-02
8.427316678075158496e-02,-9.339563320778845879e-02
-7.140477313627029143e-02,7.440791158051920928e-02
7.418296142589657360e-02,7.694625640236645026e-02
-7.174940617485864314e-02,-7.942147676884467322e-02
9.503133208445234403e-02,7.543654512660907807e-02
8.064778539477063246e-02,6.932470938119013326e-02
6.704625676957373659e-02,-9.070194656525733257e-02
5.303101876377486895e-02,-9.316472293028918439e-02
8.144097706678481152e-02,6.563005267386899655e-02
-1.071822058587262316e-01,-1.008901777026543906e-01
-6.961687418556136708e-02,-7.429497926455168322e-02
-9.330509367996998871e-02,-7.422641366965568310e-02
-8.919003492538986333e-02,-6.447159792687488788e-02
-8.361602650418234473e-02,1.017758874572998185e-01
7.196842778686350639e-02,1.032005350129719112e-01
-5.147590162574051942e-02,-1.007800110953093048e-01
1.004685174180099255e-01,-9.394500800646263250e-02
1.194605449870229791e-01,-9.283737938761532638e-02
1.284108763211302406e-01,3.499483727848257814e-02
-7.286357048707087225e-02,-1.102331113741113894e-01
1.127107656821126624e-01,-7.008761652410459841e-02
9.093137117129602986e-02,1.092149921717737865e-01
-9.793754229242335185e-02,9.259299010164860622e-02
-9.386690087717862452e-02,-1.101577087012344941e-01
1.029090639327532031e-01,1.207932191728556537e-01
-9.839671690528538350e-02,-9.061096491434188216e-02
-8.398523917161943020e-02,-1.201174681799312277e-01
9.527139137476015041e-02,9.240614054330453797e-02
-1.160596687159570761e-01,-6.775440780240318817e-02
-6.950115725934981337e-02,1.093465980144745220e-01
7.468262762944656574e-02,8.817994430931717920e-02
-1.263762016251098741e-01,6.808990532799800988e-02
-1.088221440103435689e-01,9.444089768881776259e-02
1.035765286993014650e-01,9.944924659173225157e-02
6.167382082796184217e-02,1.180728710370644585e-01
1.196508122601062651e-01,8.096129397839570141e-02
7.901784547530887881e-02,-8.136131169923414841e-02
8.162162193283332978e-02,8.211092369995683093e-02
8.052093276126276455e-02,-9.869032827016757659e-02
-1.001777266137805350e-01,1.063109660979077581e-01
9.246781541188461850e-02,1.123651173007837595e-01
5.914892326466852923e-02,1.043277590115310322e-01
-1.128717868810184821e-01,-7.467604725816810729e-02
1.292834874862867911e-01,5.217748294596331188e-02
-7.010119607641890349e-02,-1.111893436395682416e-01
-9.997121332771338742e-02,-6.335795643686192857e-02
1.053768860616219188e-01,8.409949598624820444e-02
-1.247958579894064834e-01,-7.155788742946915526e-02
1.028079295573718216e-01,9.227563077795673807e-02
-1.056096854714726335e-01,-1.027977033203349849e-01
-1.153415983321737642e-01,-9.610552386881063280e-02
-1.020391568186502368e-01,9.014091459155601505e-02
1.094208604675024482e-01,8.464996604619273723e-02
-9.869237607766385978e-02,-1.225438129730191533e-01
1.126764352660084706e-01,1.127520811314283444e-01
6.800466712384313495e-02,1.319165748365962454e-01
1.174692521853774735e-01,-7.706730327130892344e-02
-1.115308211194683541e-01,9.773677335908693975e-02
1.273445444579086316e-01,5.153196726904343133e-02
-7.790891624571380514e-02,-1.376511040743106651e-01
-1.333849552327790455e-01,-8.974986700319054211e-02
9.244848273818238871e-02,1.137385643222389442e-01
9.216472201413822285e-02,-1.102896477594266372e-01
-9.504256616484971221e-02,-1.129538719026935839e-01
-8.690780165857299455e-02,1.079864978066348152e-01
1.403961620295742785e-01,-9.526085230371714174e-02
-7.542871473397978754e-02,-9.623937995439314774e-02
1.106199085695706852e-01,1.073039226091081766e-01
7.770266434324311910e-02,-1.229730212104539061e-01
7.816304534904076895e-02,-1.376897680606508356e-01
-1.061200966574943061e-01,-1.142157853881452384e-01
6.927769455306716229e-02,1.440162998729254684e-01
-1.061968703417704440e-01,1.051920717488217666e-01
-7.836785589814024289e-02,1.073811329560274697e-01
9.921374921577565120e-02,9.729848469818642986e-02
1.060802115266686885e-01,-1.380269568917735223e-01
1.129235519091124629e-01,-1.013948552662966573e-01
-9.507738933498699474e-02,-1.239351956878822769e-01
-1.110071182814050539e-01,-8.558840370478285053e-02
-1.041515978557856770e-01,1.241070273326961015e-01
1.356613440664492243e-01,-9.575621014387940277e-02
1.015540897595718084e-01,1.448971278074736024e-01
-1.057135954895316587e-01,-1.234563111524627360e-01
-6.860310209069692133e-02,1.388836027232615011e-01
1.007889407531230852e-01,-1.065315753389713405e-01
7.131776559555125239e-02,1.174493747207899924e-01
-1.166902174694329913e-01,1.007052105051732815e-01
-1.363034363341688038e-01,-8.652603165036300281e-02
1.237214586454534609e-01,8.200659395920954775e-02
-8.109015772570946079e-02,-1.148201518994017845e-01
-1.257182375853287681e-01,-7.925746409666710457e-02
-1.260247614026356044e-01,-9.433135112092802532e-02
1.102913173525520707e-01,7.831346342074504974e-02
1.038735071623856088e-01,-7.244771147532971800e-02
1.402205444975718196e-01,1.129931705913519990e-01
-8.557751869734002426e-02,8.262006335997565398e-02
-1.480783451652440685e-01,8.687587403563776234e-02
1.087234321818948829e-01,8.865265894469495644e-02
-1.168433936420239655e-01,-7.594103287921880052e-02
7.288593387566305593e-02,1.321149823224144482e-01
1.299221512953123714e-01,6.859299014380722259e-02
7.973562282465490592e-02,1.116613536938833029e-01
-1.466894302648864556e-01,-1.127922314518617491e-01
-9.155767164835032501e-02,-1.250599216828847671e-01
1.009497162287208566e-01,1.008569200547182465e-01
7.723028904039856701e-02,1.440938819626354228e-01
6.416103997311362050e-02,1.392403416208327915e-01
1.410589204561029097e-01,-1.373545477886604083e-01
8.834200001366576682e-02,-1.443251651127313295e-01
-1.207583106832680470e-01,-9.038012333814426924e-02
-1.042755731018975979e-01,-1.064618380275293014e-01
-5.768537740677198017e-02,-1.377274496263987125e-01
1.100471919414059557e-01,-1.135815978745851190e-01
-1.006563482230044965e-01,-1.019632760831388485e-01
1.200654674385859266e-01,9.940049665219650998e-02
-1.073399360221860971e-01,-9.078429111879982027e-02
-1.159388769273582698e-01,-1.103310017948710559e-01
-8.985403219329142488e-02,-1.141262723880015345e-01
9.687125922224280872e-02,1.001096411459636154e-01
1.162066204977704742e-01,-1.455984085581635279e-01
-1.132810099295045864e-01,7.939162088662103656e-02
-1.169421035865657460e-01,6.835465902545626027e-02
-1.147424977348295988e-01,-1.198668637829147510e-01
7.105889601695061786e-02,-1.283016854386836436e-01
8.692186730518002002e-02,-1.047508762259954790e-01
-4.759441358767861618e-02,-1.344282842667334776e-01
9.501709205270054970e-02,1.064128467901772207e-01
1.415935421949355844e-01,7.503441652224304703e-02
1.288297107461017221e-01,1.034682639832364692e-01
-9.621324833130658061e-02,-9.799437584404425972e-02
-1.105157320434566326e-01,-1.093583399059713662e-01
-1.207437996171277506e-01,-1.228567402568994660e-01
-8.345022431709922528e-02,1.152259631010641716e-01
9.056207524835198364e-02,1.180612018826554116e-01
9.372130873874233437e-02,1.140864157471585677e-01
1.177896049056310207e-01,-1.231326380734515114e-01
1.110639769613047251e-01,-8.135195754274002211e-02
1.012699000117698728e-01,1.031409450270286687e-01
-6.242728673489002233e-02,1.527688713552174948e-01
8.156031964297309755e-02,1.585197462744545316e-01
1.045887699540077043e-01,-1.250510738083518147e-01
6.526692585090744514e-02,6.692930881073430593e-02
-1.076811236524554405e-01,-8.771312549220514065e-02
-9.663354526443794501e-02,-1.182026785799081547e-01
1.125862745152625827e-01,1.185768650188363110e-01
1.302731288406586974e-01,-5.275166997365379751e-02
1.137193150166452421e-01,-1.018409781874145131e-01
8.361629203237214147e-02,-1.278228589782622882e-01
1.589656220346235826e-01,7.440055739081392894e-02
9.590939525009976874e-02,-1.055059015654368909e-01
1.013632101010933234e-01,1.422621720852507154e-01
-1.369033249432162480e-01,1.037962057188535209e-01
-1.245190132190122922e-01,7.372822089228121822e-02
1.203617033568673417e-01,6.585391279842051082e-02
5.506663295408166514e-02,9.497321868543796841e-02
7.790239393393225131e-02,-1.131035771838970333e-01
-1.791187637464735916e-01,-8.764260583638794344e-02
-1.220086149882963211e-01,8.409765360164198067e-02
-7.871704068096087303e-02,1.323327746311964148e-01
-1.010720099078107059e-01,-9.841717186117721061e-02
9.622594534017687648e-03,1.651466407333148090e-01
-1.061938816908064021e-01,-1.194470250363598302e-01
-7.976257143037986108e-02,-1.262439078281701321e-01
-1.577650362092075931e-01,-6.090571124591893232e-02
9.637610339514053603e-02,1.134108678079155108e-01
9.244314644993011088e-02,1.194970958238724124e-01
-1.013564894731343036e-01,1.169061386385906592e-01
-8.730257474486256830e-02,1.566273595703144006e-01
1.176668222492407989e-01,7.736636994193865635e-02
-1.386930512147139805e-01,1.179673767786092314e-01
8.149378315339417256e-02,9.093054878311250533e-02
-1.078517394451231487e-01,6.845291455532964697e-02
-1.071566411567967947e-01,1.286767081849511107e-01
9.315125887921552050e-02,9.348970394981778731e-02
1.074813166736051928e-01,-8.681298092540493117e-02
-1.125261259002221792e-01,1.124898666708730316e-01
1.379405782498273336e-01,-1.010206918057587472e-01
-1.523512196818825881e-01,1.353609619366388794e-01
-1.335112832091957524e-01,-9.049630890423482343e-02
8.903382924916056207e-02,1.239062745220402689e-01
-8.867571717531236297e-02,1.172507064448110453e-01
8.604665573663969336e-02,1.180374624371992726e-01
-7.248585864409545776e-02,1.263115904328069306e-01
1.196338236567473928e-01,-1.425873595094107604e-01
-1.063186054268181052e-01,-1.189810934726795028e-01
4.644871871636141458e-02,1.574558138935648055e-01
1.042761734361843245e-01,1.403353184893918471e-01
1.196354242841438376e-01,1.337273493494875731e-01
-7.729107732128875918e-02,1.527023519988348899e-01
1.289748349040375774e-01,1.057462092565646522e-01
-9.496429837401551555e-02,1.025516564558529020e-01
1.370192422562941381e-01,-7.887577613053804726e-02
1.116460382370778187e-01,-8.678740354170294546e-02
1.423837484743959436e-01,7.269567953218893097e-02
1.185775246941325467e-01,1.016381713998585901e-01
-1.217726451575509017e-01,-1.009339106585139118e-01
-1.325837007364215059e-01,-1.319365116365318891e-01
-9.864399495241425730e-02,1.063202596530899852e-01
-9.296819087178292973e-02,-1.129833843059045856e-01
-1.329545110975541566e-01,-1.037272636215026411e-01
-1.505013492231783989e-01,9.538783264372548143e-02
-1.121863347848870013e-01,7.242854567642408037e-02
8.412907783885623103e-02,1.470384645755198061e-01
1.590300336667837544e-01,1.148395993191738407e-01
-8.974069236005124961e-02,1.242437477284506486e-01
8.681492697779555345e-02,1.151892181745840099e-01
-9.781482183712610079e-02,1.152317314331281900e-01
-7.927145653732504960e-02,1.321354326073679308e-01
1.287744904491173459e-01,8.281489729241786613e-02
-1.168806635622930690e-01,-1.439760763199716964e-01
-1.132612519654366129e-01,7.987301114579549444e-02
1.118310651851086995e-01,-1.285294953663429496e-01
-1.220745588800739995e-01,-9.744622382929218896e-02
-9.595047698441343254e-02,1.077732931284265394e-01
9.655155607419232955e-02,-1.353132998589706149e-01
-1.232653549343084159e-01,1.363214742672593238e-01
1.090616267176286458e-01,1.546885487570233420e-01
1.408645282541736432e-01,-9.262258138254973738e-02
-9.045214409239722697e-02,1.532588694212878855e-01
1.047731465847681481e-01,1.411606055903340540e-01
-1.407472932214377526e-01,-9.658256905547256410e-02
1.032119860769916408e-01,1.044181247359681347e-01
-1.319979828180977421e-01,-1.016834054682981686e-01
-9.472602677690705741e-02,-1.247338058186430870e-01
1.249506995421134775e-01,-1.084755743386526389e-01
-5.492884413864151244e-02,-1.194891860853386917e-01
-1.234805213947436642e-01,6.948937987636633062e-02
1.166131525484947334e-01,-1.277780980013044909e-01
-1.435642829828691347e-01,-1.277008670141426550e-01
-1.135058070837472871e-01,1.031341966941739241e-01
-1.189230486869436998e-01,-8.611035193842019042e-02
-1.143550982675501371e-01,6.388501535419796595e-02
1.047607828994535362e-01,9.600158328550241482e-02
-7.338781213849385199e-02,1.177945629716051351e-01
9.975750112033594796e-02,1.252216188305270705e-01
-1.354179085537977612e-01,-8.576970519137318283e-02
1.171762438127574718e-01,-1.231754455917261903e-01
-1.105776353400909906e-01,1.083347384074812569e-01
1.230688612313696889e-01,1.123264918803945495e-01
1.106519224001224350e-01,9.735991967449472706e-02
-1.431647026743050055e-01,8.686223696696103447e-02
-1.076063807037185432e-01,8.836297263060829965e-02
1.125454963454699114e-01,-8.570173832402823433e-02
1.521876395125150438e-01,9.269390254573893484e-02
-1.216903100536506910e-01,-1.062358260196452076e-01
1.018549659501079285e-01,1.301973461059262038e-01
-1.143330289458060339e-01,1.000160688136961101e-01
1.672713532866267616e-01,5.177694575208613426e-02
1.218525858223186570e-01,7.709092368429137920e-02
-1.360881413834756082e-01,-1.338451054991781353e-01
-1.024021032149666638e-01,-1.060789037061902473e-01
-1.440596615271307335e-01,1.167007081044699190e-01
-9.168117356859364908e-02,-1.087038713821509017e-01
1.154611044434909889e-01,1.429864769303609007e-01
-9.229950360387002839e-02,-1.198443322249359011e-01
9.714695055679378743e-02,-1.054420884718145074e-01
-1.135795890096993610e-01,8.301979358582797786e-02
1.207240513465467763e-01,-1.196191915019226004e-01
-4.909736819771366029e-02,1.446437960112241794e-01
-5.126282724023482895e-02,-1.499845459670033909e-01
1.450786778773703323e-01,9.748219659312430674e-02
9.839850841214534127e-02,1.278264231889242875e-01
1.206670852059729265e-01,1.131951195044872405e-01
1.029090231488827556e-01,-1.069143661334629181e-01
-1.032370338952847688e-01,1.367855961093898953e-01
1.461779615064003612e-01,-8.358063250070869865e-02
-1.020594432203166396e-01,-1.346879581157908179e-01
-1.136552270636545098e-01,-9.220832179100538206e-02
1.395413064133896597e-01,8.091339199069956523e-02
9.793124574970389629e-02,-1.477982891295946954e-01
-1.186654521559692144e-01,-1.024903066444422389e-01
-6.602365289359916900e-02,-1.577407977594495192e-01
-1.113444328130327732e-01,-1.215183680455060172e-01
1.201987857911074042e-01,-1.234724918910872077e-01
1.142925367667894654e-01,1.221866137504104416e-01
-1.222061147971181400e-01,-1.104887507878986874e-01
-1.366918180733817934e-01,-1.109323999860080540e-01
-1.285378287702894917e-01,-1.421286974575496631e-01
-1.458673796965323510e-01,-1.117813012649039456e-01
1.105902668331026489e-01,-1.116396805729346908e-01
-1.029882870801900191e-01,8.366977814440224037e-02
-1.055025660992996578e-01,8.151698855417617573e-02
-9.234755613393576257e-02,-1.276678233181368638e-01
1.029289411461330322e-01,-1.372038126529541990e-01
8.923756662154912200e-02,-1.129693457696916703e-01
7.959051099293316944e-02,1.041636311264257236e-01
1.024157012379722786e-01,-1.160685831049756700e-01
-1.582262500629359192e-01,-6.330685721270103150e-02
1.634851416580549444e-01,1.006525769017859590e-01
-9.229328150728036140e-02,-1.067024089982687440e-01
9.434455555948519090e-02,1.345060411633893505e-01
1.226072462178642991e-01,1.005591375572363749e-01
-1.254782660281644480e-01,-1.083446464980823837e-01
-1.192877660676202184e-01,1.154542810960668409e-01
1.157622399333680108e-01,1.139655310264915261e-01
1.258543629951064946e-01,-1.208611497231408538e-01
-1.196597839769855259e-01,8.182747613241651841e-02
1.205996893018631971e-01,-1.113654846598354231e-01
1.569399365671062807e-01,4.650278309110753017e-02
8.287041209574533274e-02,1.295713316420744610e-01
9.351006404405289019e-02,-1.200988726255022426e-01
9.802543915049030665e-02,1.248795828787630513e-01
-1.221654055381078269e-01,-1.308839018820619760e-01
-5.687770541931689433e-02,-1.214476487483873574e-01
-7.996752152944193448e-02,-1.088337454242730845e-01
-1.448977466083020416e-01,5.534292638955212729e-02
-1.005868616861903125e-01,-1.119671454955380591e-01
1.023472930577146861e-01,9.527465543380746194e-02
8.074732962178662876e-02,-1.360873642592973221e-01
1.450573896662598061e-01,9.744842776301257392e-02
-1.114414300876274966e-01,1.325287470385262123e-01
1.622351164190541373e-01,-8.123702782918194865e-02
1.148433489800088497e-01,-1.184293474672457602e-01
6.708051296731003255e-02,-1.245115902218994347e-01
1.175141731138963641e-01,8.734908928196587208e-02
9.504296335986232858e-02,8.821533266118006256e-02
-1.056747204122740202e-01,-9.832257199032135020e-02
1.237443206362798670e-01,-1.220359543509114270e-01
-9.794939945164531092e-02,-8.353950488903329197e-02
1.307485087950872593e-01,7.625482219651627536e-02
-8.901034367020441151e-02,-1.403394312838498470e-01
1.301917325059440411e-01,-9.412730376885429517e-02
1.293623349549502255e-01,1.111665317650004231e-01
-1.262933420293669007e-01,-1.084354634403429107e-01
-1.045640268051985788e-01,1.219037688479678028e-01
-1.247840273015204948e-01,1.241080257538949572e-01
1.076002591458451452e-01,9.133602594644017747e-02
-1.321035892985967519e-01,-7.250368203186269289e-02
1.037853406776563514e-01,8.328976641193981678e-02
-1.227023552383313676e-01,-1.186444078700246568e-01
-9.391641284974555637e-02,1.125960783642184354e-01
1.397659076668340272e-01,-9.865000806491243390e-02
-1.154792385031200297e-01,-1.315748707782995464e-01
-1.109036733095819793e-01,-1.134060889489725971e-01
-1.146974820102848180e-01,-1.241760581857770246e-01
-1.088712916236115463e-01,1.090963332022258508e-01
-1.198789705087327517e-01,1.010468178289164187e-01
-1.069735090674434064e-01,1.182907087929458284e-01
-1.403165628783615004e-01,-8.038937559882224082e-02
-1.403347351317303926e-01,8.523495773724483471e-02
-8.797137903910173806e-02,1.550646553598060418e-01
8.054044138919969065e-02,1.095230822491564115e-01
8.228541195588208457e-02,-1.219968556715074898e-01
1.231981256892147186e-01,-1.154600459997115330e-01
1.209125121066513125e-01,9.113058642127380704e-02
1.253971590071812636e-01,-1.021961965329865885e-01
1.325482312700392851e-01,-1.091793209480207555e-01
-1.000665706522569781e-01,1.242716776735596496e-01
-8.440602538441351055e-02,1.361936154193603699e-01
1.153357155183815236e-01,9.656974330680677399e-02
1.143726142662718909e-01,-1.150153326668050396e-01
7.464193872759761206e-02,1.470830904836593345e-01
-1.091712614293620237e-01,-1.132401711326232185e-01
7.214316387029336142e-02,-1.064379017656148091e-01
1.108760689433766489e-01,1.607247572972134164e-01
-7.909927862766412410e-02,1.091519913089044058e-01
-1.409496395552804759e-01,-8.434508893388474593e-02
-1.124300733096623151e-01,7.714019492387233501e-02
-1.201361391415267932e-01,-1.039655543122335601e-01
1.032472112593898345e-01,-1.317429007557398002e-01
1.451353429243051052e-01,-7.617286175774264090e-02
1.313441566645573710e-01,-1.007228834822388314e-01
-7.962375027737569888e-02,-1.136831977614874839e-01
1.570177994855185000e-01,7.697040627908628696e-02
-1.052206903458670489e-01,1.179488202579530159e-01
-1.428350428564145735e-01,7.660520305411343267e-02
1.140385322265963508e-01,-1.096887285619258662e-01
6.027012501650744203e-02,-1.480987297112428824e-01
1.087591279075678513e-01,7.712749639371062338e-02
1.224808099113835064e-01,-1.016822452200869253e-01
1.026677963025463686e-01,1.335022140639859911e-01
-9.536419517360116005e-02,1.095323594845091647e-01
-1.104355936196984578e-01,1.277734289935405498e-01
-1.082008352898264081e-01,1.166647811084304404e-01
-1.059183061652436836e-01,1.010540161771020518e-01
1.001093388191418021e-01,1.082680483642705360e-01
1.333140465214472103e-01,-1.070110726639573184e-01
1.281197258874247347e-01,-1.058589721416749452e-01
1.744509637748137554e-01,5.309929146846389253e-02
7.576487873259105110e-02,1.483864195448035828e-01
1.386803201937811258e-01,1.019606946347275389e-01
9.710551991103921754e-02,1.282269506655033808e-01
-1.259483785570704450e-01,1.208179948412200638e-01
-1.013621106640566205e-01,-1.438292187762003627e-01
-1.333956862563490109e-01,1.169203894502754276e-01
5.406869115561398903e-02,1.221328417158900059e-01
-9.600784515638606520e-02,-1.090392068131630088e-01
-1.198212894587428329e-01,9.639481421323793653e-02
-6.450558195618912027e-02,1.137574101211326350e-01
-7.673450967025984004e-02,1.043712787347526733e-01
1.076397963720036877e-01,1.178936843003208501e-01
-1.115438477029883635e-01,9.314846477069699260e-02
-8.841117957063293620e-02,-9.628731150024900931e-02
1.386996556569113359e-01,-1.420517195783444209e-01
9.265914269027020200e-02,9.973208323824038490e-02
6.925851962581583421e-02,-1.401723766501156709e-01
-1.236735510041698793e-01,-8.569198051341084255e-02
7.410041000562719860e-02,1.230781009790923447e-01
9.965570358494124648e-02,-1.343207131503151852e-01
1.104077255582880807e-01,5.945783258592298587e-02
-6.794265821502930291e-02,-1.158687627296001443e-01
1.281240337437750121e-01,-1.123074619316413031e-01
1.088156380363586306e-01,-1.364422120037062369e-01
-9.853837110107925568e-02,1.178068738429614293e-01
1.371283092584392183e-01,-1.222423829592066830e-01
-1.018030316321656553e-01,8.876607345847546682e-02
1.158646392342189552e-01,-1.076957524119866172e-01
-7.064870883572896276e-02,1.314395447678177176e-01
1.172252096650920616e-01,8.520510903582495521e-02
-1.249058289742444317e-01,-1.107377570275842882e-01
-1.355814584872016837e-01,1.221264320925236624e-01
1.206386325048841163e-01,-9.805982523404858930e-02
1.185600755865916511e-01,1.129383245327610225e-01
1.321395860510531928e-01,1.268779871933897463e-01
1.148704952221113740e-01,-1.132243449698916576e-01
-1.142148950108836658e-01,-1.173043974062462635e-01
1.032047210262855286e-01,1.124103590132701641e-01
-1.027473579446323282e-01,-9.689232343949827353e-02
-1.654769326505958482e-01,-4.791573445137176090e-02
1.444446085677958957e-01,-8.784547301086513549e-02
-8.964354943714196444e-02,1.609840205906070409e-01
8.372354498150856583e-02,1.177062067315819693e-01
-1.129103012281940238e-01,1.016691812773261039e-01
-1.135975572753564339e-01,-1.144121854840095959e-01
-1.090544966087637624e-01,-1.193854777699749903e-01
-1.585248906050320539e-01,1.008572982208444796e-01
-1.242717492971011362e-01,1.049660071236179354e-01
-1.264846284628588502e-01,-1.056842419780056885e-01
9.020827358573819954e-02,-1.497425190534629469e-01
-1.261341107586250176e-01,-1.146784288279617536e-01
1.264531290845745670e-01,8.279217727146194472e-02
-1.386732649825966335e-01,8.543536842858849567e-02
9.883506988658888326e-02,-1.162056831118248451e-01
-1.040000124781662871e-01,1.316008154279390274e-01
9.104992572770381765e-02,9.876775434376586227e-02
-8.576502532729098072e-02,1.321312400669464038e-01
-1.135053722281106764e-01,-1.277409842492300829e-01
-1.201026116248200132e-01,-1.291027507642459882e-01
9.192848743643169951e-02,1.054471807865430266e-01
-1.057665124689603359e-01,1.300176550626333527e-01
-9.014308956489734681e-02,-1.434400822840095624e-01
7.670843105723314237e-02,1.274852371373199345e-01
-1.245421628395979724e-01,1.178658618297544619e-01
9.895157231812232168e-02,1.137634456058246035e-01
1.125175765188340671e-01,1.036540218361574756e-01
-1.121800148022736726e-01,-1.184172616237342268e-01
-1.222950534659062033e-01,1.149627850525201528e-01
1.459448910683427414e-01,8.094669825046529876e-02
1.132662742233865732e-01,1.376946044983010931e-01
-1.130558343196592236e-01,-1.297364370971555159e-01
8.843264154787416897e-02,-1.040065201620405944e-01
-1.476128415627539769e-01,1.029838288739565871e-01
-1.297753151579792152e-01,-1.043569265093675230e-01
-1.312459996002914575e-01,1.385845445570510481e-01
-1.153637878061971322e-01,-1.129769176673001418e-01
9.190838115545667264e-02,-1.237009273936653525e-01
-1.208886314033509324e-01,1.135866261158298557e-01
-9.304559337486002779e-02,1.115306930859271267e-01
-1.550933512287013538e-01,-8.683952098457010937e-02
1.315725012136744754e-01,-6.640764303910814959e-02
1.157358894634261115e-01,-1.243297719116997352e-01
1.009773744717468724e-01,1.460047229820907455e-01
9.216498943477774430e-02,-1.210016641088420275e-01
9.528419394994386282e-02,7.738514823049098823e-02
-1.462354817135378682e-01,-1.029520117130253570e-01
1.284763634931905540e-01,-8.112916833283018159e-02
8.619654797654313638e-02,1.154523781605109600e-01
9.868635912409520761e-02,-1.270773368003798587e-01
9.929062814795187875e-02,1.139527022751278124e-01
1.021082793311365172e-01,1.023098493697190414e-01
1.428419943452486074e-01,1.181190029717284762e-01
5.117478698598730558e-02,1.294942662755834417e-01
-8.676954352739600640e-02,-1.129021205092417546e-01
1.255424989740654973e-01,-7.982380706223528299e-02
1.112414398314977848e-01,1.367472196489715186e-01
-8.422577176493051265e-02,1.121100844782612627e-01
-1.220271659049291940e-01,-8.523113301731398417e-02
-8.474406175791003581e-02,-1.080086694788372631e-01
-1.201847676139797677e-01,8.471646297340035270e-02
-1.501563771449025420e-01,-9.555179205937359976e-02
1.412944943937022579e-01,-1.022261631321371850e-01
-1.274911019412493796e-01,7.013631633691778944e-02
1.653407152048005091e-01,-9.256775257837081272e-02
-1.029284623185846570e-01,-1.153853869606519256e-01
-1.165514183041558571e-01,-1.194426318282150595e-01
-1.086767318217153194e-01,-1.327367522613388251e-01
1.031565603596896058e-01,1.179280458598028630e-01
1.344911757349213088e-01,8.006990443763702114e-02
1.097377839332500798e-01,9.636849845496145428e-02
-1.211060262697562784e-01,-1.376413391557698707e-01
-8.453579121495216619e-02,-8.348437538392085300e-02
-1.189208392039773909e-01,-1.025201475761377407e-01
8.862060444420014060e-02,1.177112918385332802e-01
-6.982703987221834663e-02,1.336980647768235275e-01
1.453833897671912567e-01,-1.158387680245647755e-01
1.096803832088837360e-01,1.022621561843595206e-01
1.268473810876567243e-01,-9.211533409806897665e-02
-1.249930859434984914e-01,-1.116109790650511996e-01
-9.665073767465985621e-02,1.280885347352440085e-01
-7.835128487261952546e-02,-1.593564374369769165e-01
-5.485541432438777870e-02,1.354057116500546332e-01
1.009463661920342176e-01,8.599997492151599532e-02
1.272231621004135949e-01,1.212651473548761322e-01
1.087616248975091793e-01,-1.363480468924921085e-01
9.235030240111377631e-02,8.231143400747543970e-02
-1.392159109441361564e-01,1.079099943417119178e-01
-1.051974821502907609e-01,-1.221720988473463249e-01
-5.652109729960339002e-02,1.415388576477953353e-01
9.737438846254324598e-02,1.418181216638609854e-01
-1.221649195221321260e-01,-9.785007916878724066e-02
-8.800702890910828968e-02,1.176103392877929366e-01
-1.272381938481172703e-01,6.303330560556513751e-02
-1.318480474933833579e-01,-1.073019535227977689e-01
-1.234736239089149340e-01,-1.229514038424557310e-01
1.093458300568305452e-01,1.353807237634913618e-01
-1.180006949543210004e-01,-8.050733503613900777e-02
-1.124058909032837339e-01,-5.974437956387220611e-02
1.003353393927042536e-01,-1.069796391291856497e-01
-1.073551363202901732e-01,1.027129327717398038e-01
9.258960424365660080e-02,-1.356642229749087658e-01
-1.243153894366441636e-01,6.978580469014830645e-02
1.013300086855648818e-01,9.462240055653978188e-02
7.301688039892569038e-02,1.224384201737270528e-01
9.871019949486450895e-02,1.129846585967415468e-01
1.171053989449147292e-01,1.164188053592406097e-01
-1.408257184577257626e-01,7.090338885117179746e-02
-1.170642701426157922e-01,1.282999617376854029e-01
-7.053846630384089100e-02,1.363401032255889544e-01
1.106781165857413513e-01,1.133322316244283756e-01
-1.047265370804973256e-01,-1.103709541024212315e-01
-1.137581367004396465e-01,1.355343341209042096e-01
-9.897005047866552774e-02,1.074682263400243976e-01
-9.876390403508907012e-02,1.299474068543490513e-01
-9.832686247871533225e-02,1.388110787976343796e-01
1.279274604345127520e-01,-9.168891169284848486e-02
1.137353902788887927e-01,9.222098218475816012e-02
-9.966258989122649126e-02,-1.150513271848858654e-01
1.358341617250521660e-01,-1.150364253414560695e-01
-8.693083858491575111e-02,1.442704388406511884e-01
-1.339609943043484352e-01,8.726817561298495785e-02
-1.272719260988557088e-01,-6.790648606643583107e-02
9.632290074815977321e-02,1.007763389364655232e-01
-1.122189259006611123e-01,-1.037433661254633099e-01
-1.142158111309716784e-01,-1.091763723107379985e-01
-1.005074141118996039e-01,-1.342763746850935414e-01
-1.132685329422861986e-01,-1.291629670545889341e-01
-9.747693998927177417e-02,-1.583611373570534553e-01
1.029992319936865325e-01,-1.422208599485837166e-01
1.414558694669776628e-01,-9.653876819219511796e-02
1.188991156863675458e-01,9.299969506773574091e-02
1.186643701993930211e-01,1.171545230455042219e-01
-5.998883266926940266e-02,-1.390546869767354532e-01
1.108427781818679403e-01,-1.009209752904294544e-01
1.335965151666617945e-01,-6.987376444928250496e-02
8.313988547498746273e-02,1.107860819165497751e-01
-1.103745135564721258e-01,-8.888180304515870545e-02
-1.539701702148723317e-01,-1.040041183510256734e-01
1.128976073156111731e-01,1.197900620970270835e-01
-7.799635971041041227e-02,-1.398924625582604331e-01
6.935645026920103651e-02,-1.475792058144446139e-01
5.900143730738566239e-02,1.087776799026531765e-01
-1.429300008071286432e-01,4.868718932981704051e-02
-1.260233004503275300e-01,-9.499569144133657161e-02
8.903579372150047244e-02,1.478203513349381493e-01
1.242264281965332479e-01,8.825942972648392892e-02
-1.310430421310706250e-01,-1.055063886761611752e-01
9.335555150979926720e-02,-8.112694931952629807e-02
7.222175673244562999e-02,-1.007735008530604437e-01
1.232661096399111089e-01,1.068611460997313800e-01
-1.011018900936108966e-01,-1.008324353868103179e-01
1.099357590374586691e-01,1.187325497469639557e-01
1.216176131405486277e-01,1.303806042936801191e-01
-1.051579109864600042e-01,-1.379617729429638284e-01
1.310771943947321994e-01,-1.298016616925624089e-01
-1.153264521850394381e-01,1.354779767954576164e-01
-1.176107660102490987e-01,-1.009416697567223908e-01
9.413728097475922152e-02,1.178056039269749639e-01
-9.558225025476023429e-02,7.677701381868090591e-02
1.446235488677320158e-01,8.047753379458807976e-02
1.238154594989814700e-01,-1.048931257891947549e-01
1.678031141822418359e-01,9.187264885986526353e-02
9.712662476047019544e-02,1.328527632843452544e-01
9.562375100223415025e-02,1.283787565009184561e-01
-1.128817919891056398e-01,-1.004429372154150707e-01
-1.071381534378857137e-01,-1.295412046169621134e-01
1.460859233615330044e-01,-1.030753851002519372e-01
-1.139739646200206014e-01,-1.495646348870629250e-01
9.858254337609619056e-02,-1.443858317468226515e-01
1.117567657514918905e-01,9.683340234055494433e-02
-1.316807445207276162e-01,-9.817183420916593406e-02
-1.109961826429910203e-01,-1.288419453182256258e-01
1.349967724185375528e-01,-6.723568589290390696e-02
-1.055327572492158472e-01,-1.134706890436050913e-01
1.066089386699482638e-01,1.276871775378774221e-01
9.258802744931454720e-02,1.357606278237882269e-01
-9.229419637565314249e-02,1.248941963469389627e-01
-1.103995558596166382e-01,-9.504604813363740079e-02
1.107480256680967584e-01,-9.062313044011044427e-02
1.312903686189004215e-01,-1.175357779155061094e-01
9.700807912554010315e-02,8.263041534674854527e-02
9.477548092281298797e-02,1.329770628816867584e-01
1.143064850113688080e-01,1.123132790002355635e-01
1.014685893652845367e-01,-9.602155335371641287e-02
-1.240532890868548815e-01,8.748005403112768530e-02
-9.894342014236294502e-02,-1.102378003447909705e-01
-1.035559085310878286e-01,7.613442128726601033e-02
-1.188818086181308714e-01,-1.201448978573417814e-01
1.394393508232213141e-01,6.263950222544176216e-02
9.448559728272010183e-02,1.227985119768461170e-01
-9.526280536374791275e-02,8.642187970497249017e-02
-9.309871867696188630e-02,1.096388087385086058e-01
-1.044776194163540284e-01,9.485588997566617164e-02
1.089354826010378169e-01,-9.674315230058078141e-02
1.374592179497464706e-01,1.036311929547998473e-01
1.268076726560647127e-01,1.028886404703032859e-01
-1.031694762733662285e-01,-1.202289120179704796e-01
-8.544033958889492297e-02,-1.065814868397190474e-01
-1.012220044298610816e-01,1.325507513333059328e-01
6.934310092062939690e-02,-1.309984411354344624e-01
9.136614341421955832e-02,1.212677005596349833e-01
-1.125768090024229645e-01,1.191318561136680276e-01
1.035958185251643626e-01,1.054229375653239625e-01
9.615807684352382922e-02,1.100361042088722208e-01
-1.147747687294617264e-01,-8.867472595002753866e-02
-1.058359062461821654e-01,-1.210678918480003613e-01
9.431154998558155533e-02,1.517866760792244973e-01
1.035366873305251789e-01,1.119922488076618011e-01
-1.072956083756331364e-01,-9.304241366956617076e-02
9.678344386651924203e-02,1.435076997223547202e-01
-1.184654618780665997e-01,-1.040371774249015807e-01
-1.149392124594407760e-01,1.311867623795647808e-01
-5.767595480638978978e-02,-1.263403901214434355e-01
-1.106855124961155790e-01,1.091037853312150641e-01
-1.339167155842387880e-01,1.109518651890744889e-01
1.107295687343576585e-01,9.843406463601811485e-02
-1.163380058652344062e-01,1.187447354110619940e-01
-1.266676469112779368e-01,-1.001456448306318331e-01
-8.629963430402420865e-02,-1.197896546201641654e-01
1.186752270166987894e-01,-9.566542507777506255e-02
-7.675618602288916681e-02,1.005003905510789969e-01
5.884702451674508894e-02,1.398610025535203250e-01
7.918262641617411501e-02,1.161262351611660887e-01
-1.422779706658020837e-01,1.300701289368368097e-01
9.886722321656481183e-02,1.432568159529246377e-01
1.203296496678573496e-01,1.163006474059751633e-01
-1.523779636056759590e-01,8.178486531002540638e-02
-1.211414005205065508e-01,1.346795259027492586e-01
-9.438957548512057205e-02,1.596454178530457013e-01
1.090943168880495889e-01,8.890598818007117154e-02
-8.815361022112189193e-02,-1.306768514515934121e-01
-1.145926977702572680e-01,1.338496162471553286e-01
1.247402548721860960e-01,-1.348179851918453465e-01
1.334645421470400384e-01,1.028818033845083635e-01
1.071928247238554677e-01,8.762443027957898811e-02
-1.037337591838053547e-01,8.693428448905042571e-02
-1.288080290281844731e-01,-1.180895655931557403e-01
1.088232107799711884e-01,1.285678518140890847e-01
-1.040636192973677238e-01,1.185989348141175265e-01
9.786993101009008877e-02,-1.683342719103489704e-01
-1.174444399214152474e-01,8.906001847979412578e-02
-8.737252930507653781e-02,1.423290404284343336e-01
9.072616742666536616e-02,9.961465893600775223e-02
-1.092295564900325477e-01,-9.079399980398378256e-02
-1.354648139468520585e-01,-1.084702346921379845e-01
1.392228483864422495e-01,1.194329482002277343e-01
1.437090442934564061e-01,-9.171182561919286047e-02
1.301921161982468877e-01,-1.039805391843559301e-01
8.375170152140863633e-02,-1.116653501607358795e-01
-7.907616792254877625e-02,-1.428123925973648622e-01
1.241518687078666250e-01,8.520872636008544609e-02
-1.200988811439713394e-01,-1.037541593867549600e-01
9.253031796184005286e-02,1.245911320763026103e-01
1.343244354821597764e-01,-9.718074225380855802e-02
-9.813233107676561096e-02,-1.149240696508971454e-01
1.027013370240798668e-01,9.859702216917211326e-02
-1.130126028683088174e-01,-8.352461077500845932e-02
-1.206958773007916347e-01,-9.234960143411499733e-02
-9.768232903071995266e-02,-1.186131013128626510e-01
-1.612984091030601197e-01,8.186196324497267696e-02
1.394320989009354417e-01,8.689675731301800543e-02
1.051756306623457399e-01,1.315434789145424610e-01
-6.770502104017704637e-02,-1.332450050850646772e-01
1.293687729814624876e-01,-1.090331878374347224e-01
1.288663871918689641e-01,-7.507847329569748707e-02
9.713354676769024587e-02,9.023185767070224239e-02
-9.880265800438944868e-02,-1.141594012795558583e-01
-1.228231799726412499e-01,-1.111990869501892493e-01
-9.265268824408495751e-02,1.188078977450564427e-01
9.130362816102631507e-02,1.256211228595615625e-01
-1.426851211052130586e-01,1.351939616009750489e-01
8.856718906040604578e-02,-1.119822527903629183e-01
-1.209702039336486151e-01,-9.564054809996498652e-02
1.052272167251792068e-01,-1.234335596350501912e-01
1.161587588240418495e-01,9.042319587926334057e-02
-1.225204189445333325e-01,1.111027114456357434e-01
-9.247547489198161552e-02,1.228696889243264395e-01
-1.405366705141698758e-01,9.704767529431877759e-02
1.049386318135225316e-01,1.223306323262839806e-01
-8.039143455993730258e-02,1.306478570356819913e-01
-1.255928464763847452e-01,7.575924622986392187e-02
-8.589883847380160031e-02,1.319082944987642891e-01
7.946429117974776468e-02,1.207434987308119295e-01
-8.627388875303683424e-02,-8.944425143239879972e-02
9.943112841651127742e-02,-1.331203862406431793e-01
9.152940680214906310e-02,-1.379473309631005229e-01
1.577354514661648277e-01,-4.551267006189934489e-02
1.500938879775128854e-01,-1.090180395118699463e-01
-9.645471192609031408e-02,1.210669108433233276e-01
8.414463536535031485e-02,1.056079021029221882e-01
-1.027206635081953090e-01,1.296297634226024342e-01
1.265726310873745708e-01,8.098911708341456628e-02
-1.539682361872204419e-01,7.531109626907003807e-02
1.185128775957390856e-01,1.012407308275841411e-01
-9.401042393744303560e-02,-1.389578143816277978e-01
8.789935937009921152e-02,8.912752818808904187e-02
-1.106728559843347115e-01,1.261499049652234639e-01
-1.290019597759282932e-01,-9.767410861014022561e-02
-1.146695542744672752e-01,1.007642427278834518e-01
1.191283274155212762e-01,1.063691900714942434e-01
-9.249842346310134522e-02,1.071492142207915027e-01
-8.449520394772927490e-02,-1.450493100065064489e-01
-5.793972299401779769e-02,-1.287113399141893433e-01
-1.168566354085358999e-01,-1.358172232178471439e-01
-1.099025938615362935e-01,-1.465830762294479117e-01
-1.425010119525682850e-01,-1.081535290652354403e-01
1.333728745633322443e-01,-9.533756174559250562e-02
-9.385897377369248340e-02,-9.520239297258102640e-02
1.040461803822376602e-01,-1.351903275547817473e-01
9.484294979891760846e-02,1.277180365968546283e-01
-1.254483044197104991e-01,1.304000409567990237e-01
1.347595257393968682e-01,-1.361163806571601687e-01
-1.043333481208972707e-01,-1.267683382056903618e-01
-9.112596755371053792e-02,-1.118245852106145022e-01
1.174482157068046512e-01,-9.844070346894302770e-02
-9.192681972364351306e-02,1.096082747669881591e-01
-9.629108426424323741e-02,-1.278472642872341136e-01
-1.094323109083548268e-01,1.142993149100534622e-01
1.016977272297207163e-01,-1.158048676454197373e-01
1.008154432467927852e-01,9.480497102239530960e-02
-7.853327195138185002e-02,-1.325933641909139982e-01
-9.346323244932833174e-02,1.756150022143510570e-01
1.158668108470276153e-01,1.121469592535522530e-01
1.255739036267219666e-01,1.244651270675265348e-01
-1.125557683753709570e-01,-1.142288107620964138e-01
1.065208758621568608e-01,-1.535728544069172030e-01
-6.879654750212485514e-02,-1.272731509961468055e-01
-1.102222850867355386e-01,-1.403342102805927583e-01
1.051037205924532231e-01,-1.147694503486662715e-01
1.567182881487193258e-01,-9.141710823006253539e-02
1.207018348425262372e-01,8.285840610633682379e-02
9.286032556091050605e-02,-1.097573945122702760e-01
-5.886461849331359186e-02,-1.281778833034110110e-01
1.106078818305858968e-01,-8.353475276683430817e-02
1.315355284623893617e-01,-9.325216036861110058e-02
9.623673026499436622e-02,9.731421253626426626e-02
1.029025675573740084e-01,-1.175394930868136206e-01
-1.221488840869761894e-01,-1.043090512891883953e-01
1.073518212517581422e-01,-1.197854904310115542e-01
8.508858338826454093e-02,1.377299625664762384e-01
1.110504788944265270e-01,1.091597265480213491e-01
9.422583583688559639e-02,1.299268551720391407e-01
1.209260967707864592e-01,-1.113470091189574518e-01
1.135040312275790442e-01,-8.962135972157271591e-02
1.398105675564428052e-01,-1.091467396690987829e-01
1.064282187190299933e-01,9.136998760327391667e-02
-1.366593869726379640e-01,1.088372509127644300e-01
-9.779912375366829613e-02,-8.966561364676517432e-02
9.266551333378274247e-02,-1.303015017094238670e-01
1.053947125915027649e-01,1.089450295677112796e-01
-1.206940954522404824e-01,-9.138318912091029922e-02
-1.444749408065988672e-01,1.127164976561618043e-01
9.153426638051818942e-02,8.529990408797455403e-02
1.273584419184066452e-01,1.228615825874084799e-01
-1.373878120022690719e-01,-9.191608961921769738e-02
1.177414861610104335e-01,-9.796092191189299803e-02
1.085530051034150206e-01,1.404902577997243218e-01
1.186471456914563044e-01,1.289365952505808210e-01
1.411576236891274871e-01,-1.004036419081526244e-01
-1.041086729962612256e-01,1.311905017801067164e-01
-1.022565022551672476e-01,-1.239335630888316470e-01
8.166010794527912842e-02,-1.335371401234630995e-01
6.658645722257254540e-02,9.511392120988204635e-02
-1.364259590007328715e-01,-1.131462333665934211e-01
1.386321951765739635e-01,-9.430628313330385870e-02
-1.019894255379848597e-01,-1.415592667945067828e-01
-1.374669686788895229e-01,9.829504444405252894e-02
9.443510466106386225e-02,1.387516414967572831e-01
1.146733726477949800e-01,9.468463435433840947e-02
1.263428589294273985e-01,1.267076142489569623e-01
1.136523881709720074e-01,7.422658518472470546e-02
-1.027371055890627105e-01,-6.918328632394570021e-02
6.466312800482999779e-02,1.116229835414665333e-01
8.174690985701553447e-02,-8.518007150701237262e-02
-6.832667480465284826e-02,-1.261019979540131397e-01
1.133228144647678987e-01,1.099943056195653301e-01
-1.155513826202061722e-01,1.129089434428645622e-01
-1.171875258245521911e-01,-1.087437078099849075e-01
7.369909289654354156e-02,1.258802718453602421e-01
1.205494531326995467e-01,-9.788504882256669759e-02
-1.089737447108686669e-01,-8.634460880073233091e-02
1.001582584690321742e-01,1.195827197575495687e-01
-9.037161805328566833e-02,-1.193151155984595035e-01
1.031742277233252125e-01,1.092577879373787947e-01
8.815766476823240494e-02,1.464780812493031159e-01
1.243379437212956962e-01,1.130995918188496263e-01
7.610633917815047556e-02,1.148121997708657499e-01
1.279174710098765488e-01,-1.233577392261069605e-01
-6.713449109178040719e-02,1.719961783537845290e-01
1.171734283018963096e-01,1.078561658577980031e-01
1.330639989907183296e-01,-1.046265681166132638e-01
1.130462302363161170e-01,-9.619644311750573384e-02
-1.232075640150611384e-01,-9.597188278778009951e-02
-1.003021855111236871e-01,1.319068912236535662e-01
1.178756910413686770e-01,9.726675655299060752e-02
9.444242854858636571e-02,-8.770320571092307671e-02
-8.845654012252650300e-02,-1.258916570676019975e-01
1.489083816536821148e-01,-7.513412477370037812e-02
-8.376095062441643591e-02,-9.712729791447526073e-02
9.949699481853467586e-02,-1.303745750993920982e-01
1.503309057282732342e-01,-9.440145938968030892e-02
-1.103701537056226700e-01,1.394491878097206539e-01
9.141602399025852699e-02,1.136592401691912668e-01
1.163694857622768475e-01,1.300878304416852038e-01
-8.862046379788000861e-02,-1.257261278607254285e-01
-1.108119171381347079e-01,-1.028761527183764957e-01
8.968935045916499871e-02,1.458242563799979075e-01
-1.211098003485505947e-01,8.838837460059989493e-02
-1.139492156592866595e-01,8.738539231513346717e-02
-9.321314539722710957e-02,-1.424429208647673140e-01
-7.983329508699273103e-02,1.195063250540583100e-01
-1.281267656684181022e-01,-1.332399780356952057e-01
1.722003514491342868e-01,5.376655811442429544e-02
-1.356735882021271877e-01,1.176385156149929168e-01
-1.506600910925844361e-01,8.301582218600477014e-02
1.184685343908473965e-01,1.168474072434216721e-01
1.173285647027862977e-01,8.464740965732657496e-02
-1.425701609940624170e-01,1.403784384314632760e-01
1.109331399001918655e-01,-1.093531180455096091e-01
-1.398294333770241094e-01,1.053805193823213748e-01
1.262260718349394184e-01,8.292301192405879262e-02
1.546607057075491953e-01,-8.528756953498355109e-02
-7.954841203586160425e-02,1.292626113961661549e-01
-1.351211710442855873e-01,8.217405847993855539e-02
-9.044343338848784275e-02,-1.381869802465933994e-01
1.125652831471188192e-01,-1.238487530091701011e-01
1.375084381806976619e-01,-8.507300920971395952e-02
1.045534743087281893e-01,9.312600874475639168e-02
6.555219954852298248e-02,-1.541062220883234191e-01
1.181427291363097432e-01,1.046804949480062974e-01
-8.405408853314323692e-02,-1.057803898630977485e-01
1.098097248902439038e-01,1.296393409872816094e-01
-1.013875021683878219e-01,-1.095250753461473742e-01
9.653620724840716871e-02,-1.200604416950198372e-01
-9.920982204999831411e-02,1.223483133510428617e-01
-1.102764749503910985e-01,-1.309070145407983665e-01
-1.108167226522287219e-01,-1.183715108870350280e-01
-1.221190521610008156e-01,-8.759618952644615542e-02
-1.304219003117330078e-01,1.209243268548627903e-01
8.736900569319309973e-02,-1.219934863081159754e-01
-7.949841519944370050e-02,-1.335422020444623492e-01
-1.440188802445769578e-01,-6.930489076376930568e-02
1.165840899239675987e-01,1.010451830988027544e-01
9.380674907409052021e-02,-1.287827540849134367e-01
-1.228665436887179524e-01,-9.259211813331769125e-02
-1.031175133078010703e-01,-1.052621596058226083e-01
1.005761323550543179e-01,1.412726232746335242e-01
1.162373922413893201e-01,-1.005888477985376062e-01
9.333109677218727473e-02,9.418464818817387507e-02
8.179514249775295121e-02,1.336544413901210870e-01
8.894118251263798125e-02,-1.234570556450287349e-01
1.329067956160483455e-01,9.494302763769046916e-02
-7.595690938623313182e-02,1.508989124513526181e-01
1.373617420394461774e-01,-1.101176813699971252e-01
1.508354134564773574e-01,-1.071586411011343359e-01
1.326173310679304718e-01,9.960085630913295685e-02
9.822734268063940122e-02,-1.163791259753737400e-01
-1.212010389149241474e-01,-1.112168434336724548e-01
1.007083753564616546e-01,1.139633762355564683e-01
-9.349906132830942962e-02,-1.205936772166333881e-01
-1.135680743522240049e-01,-1.199689677539419186e-01
1.475416737199015671e-01,-9.587142736211205774e-02
7.347752734062691637e-02,-1.286798968491076334e-01
-1.213804009620873120e-01,9.923475071075933684e-02
-1.102116653447144101e-01,1.112438166948636065e-01
-9.312538601584471887e-02,9.190671907158813603e-02
-1.030087212952690290e-01,-1.241109618305509255e-01
-1.136774860262543402e-01,-8.622842640327417485e-02
8.678131342386258273e-02,-1.111983005353080617e-01
8.978369230819981117e-02,1.068703728894588867e-01
-1.211931386268557537e-01,-1.287056622161174557e-01
9.476886789360865204e-02,9.469246304921601076e-02
-1.096868637963800269e-01,1.111578532023606986e-01
1.006654888969718692e-01,-1.239723815274773461e-01
-1.394127851769298432e-01,-1.089461198294797567e-01
-1.178425338488449520e-01,-9.145200931318657467e-02
1.379782588705291690e-01,-8.905862492341273806e-02
-9.623601563980048457e-02,1.490258631390544708e-01
1.224008427498917417e-01,-1.396027560018739677e-01
-1.384941123596345747e-01,-1.150383941876600702e-01
-7.386468544335861308e-02,-1.228087729407187356e-01
-9.792641870644563928e-02,1.127218870645847471e-01
1.245185327615234427e-01,1.037848118841509376e-01
-1.095166470853744939e-01,-1.260881810007307979e-01
-1.086834670923694096e-01,-1.006938830449287253e-01
1.246082055561129609e-01,-1.100413750076953134e-01
-1.293392540478030539e-01,8.612705327479261430e-02
1.104901852185180694e-01,9.823359463361007460e-02
-9.752726037874541454e-02,-1.140372174396069721e-01
-1.016750406199415507e-01,-1.351520854754053869e-01
-1.391706847005915459e-01,-9.477529541517787370e-02
9.009361814391078638e-02,-1.004888968143192451e-01
1.544573063669590351e-01,5.227434452318441976e-02
-1.190586949338011125e-01,1.072105240974597501e-01
-9.826760607487664001e-02,-1.211716015051584605e-01
8.913022041681822882e-02,1.243601833071036888e-01
9.471503826965510520e-02,-1.163983108416472012e-01
1.103356890621967623e-01,-1.127132726814781133e-01
-1.037373037665755005e-01,7.508329456020436388e-02
1.474579777413782544e-01,-1.048521286320672069e-01
-1.140496730888709148e-01,-7.607100519405309014e-02
9.125756747537279445e-02,1.314140643942293962e-01
1.445775294728416926e-01,9.740433111030141755e-02
1.099145526026523434e-01,-1.198181321315213432e-01
-1.006231321501356718e-01,-1.432642324580993554e-01
1.253938182598675899e-01,-1.081278709392949483e-01
-1.268769916285590882e-01,9.089992366592837547e-02
-9.497420647402943228e-02,1.219472765459364005e-01
-6.349270228429923502e-02,1.626959499010031673e-01
1.000105592037660168e-01,9.610750527982714342e-02
-9.014920010983844267e-02,-1.090763136894693786e-01
9.842178310996854695e-02,-9.369272372739421983e-02
-1.047486784190267833e-01,1.453812620805436939e-01
1.207908545867861783e-01,7.566918746494850911e-02
1.225552154303771457e-01,-1.302232696911051757e-01
-1.121805728232952021e-01,9.241718798296739978e-02
1.224523228009473802e-01,1.185685688508796160e-01
1.173645651750175323e-01,8.496634653777625223e-02
-9.900716603871728694e-02,1.694274853791445656e-01
-7.813500106700964343e-02,1.347754339508447918e-01
-1.367933287311721702e-01,7.150518745351702732e-02
-1.101527114765667587e-01,-7.337398678836798416e-02
1.167462328854472764e-01,9.322166940814133329e-02
-1.229368058461431518e-01,1.242883838547961944e-01
-1.281857072616542081e-01,-1.113787198391463229e-01
1.166586617796579600e-01,1.073345240504879616e-01
-1.600015403823054627e-01,7.862955216666064895e-02
-1.002066617067257359e-01,-1.126013479488944674e-01
-8.617871709013233406e-02,1.332526305888896978e-01
-1.299558028516727970e-01,1.050874521058638711e-01
-1.038136168753048538e-01,1.353807393801695347e-01
1.252198871756377840e-01,1.054178593468077241e-01
-1.560367227185920913e-01,-8.119455116159041141e-02
-1.237453205653805399e-01,1.294646270139061250e-01
-1.322086898863867876e-01,8.732297601816077504e-02
1.173673099627059041e-01,1.340077958554393156e-01
1.068339672857898659e-01,-1.090606604093500992e-01
-9.238843208305787258e-02,-1.261517035053568159e-01
1.197038379801617369e-01,9.416870848352192069e-02
-1.212306295166272196e-01,1.092165949033489791e-01
1.058137570056314203e-01,-1.285442993573695514e-01
1.262527205173176181e-01,-1.105011354665807743e-01
1.658007510215080971e-01,6.923742645819258579e-02
-1.274934838295859185e-01,1.186039118056158165e-01
1.023674477311653508e-01,9.758846423616958365e-02
-8.672457948544542994e-02,1.156118260628783562e-01
-6.341647133548403148e-02,-1.224219160259355926e-01
1.258139998317998054e-01,8.981536320858821143e-02
1.464703261858038563e-01,6.607611712285416106e-02
1.062709783944875558e-01,8.286570384153285618e-02
-1.409357193341983505e-01,-1.177988482120655572e-01
9.781141257724398907e-02,8.799091631943950498e-02
-1.217608739595106709e-01,1.183031037838496169e-01
-1.236361675824372841e-01,1.359098655891756990e-01
1.293063576522798797e-01,9.947597757263743068e-02
1.029717409837846154e-01,-8.040249573728523724e-02
-1.071118580041540008e-01,-1.129521432772634115e-01
-1.036514768864533059e-01,1.263662927184121265e-01
-1.240495716797102715e-01,-9.675206034385414045e-02
-9.657915312872636382e-02,1.454178455581227325e-01
7.603289288376170740e-02,1.214642722514206741e-01
1.051636833995946430e-01,-1.312291069485745088e-01
7.219147117817927006e-02,4.582407036153001573e-02
5.116317373070145696e-02,-6.836658000891071563e-02
-6.182017297799593386e-02,-7.215807852024892777e-02
7.309850796143139984e-02,5.426644720237182307e-02
-7.350681147061086107e-02,3.859253753179318208e-02
-4.974701212121635657e-02,-5.466887377113048563e-02
7.183738901491705520e-02,5.069712527285172299e-02
6.339569619608940998e-02,-5.109728181178786049e-02
6.189196476629547222e-02,5.454604056004799112e-02
-4.595704543398091563e-02,5.770789735531708931e-02
7.002502136804876487e-02,3.534389576445281372e-02
6.590408555395933787e-02,-5.979577389154053235e-02
6.463357939972388944e-02,-4.577116958967517024e-02
5.674111914528952305e-02,8.025943460069348556e-02
-7.399963820684617166e-02,-7.204157588790488509e-02
-6.492293328941622921e-02,-7.554921261130556620e-02
5.997298249895917366e-02,7.578336713707273242e-02
-5.838534896649688610e-02,7.179313227286626686e-02
-8.856181910401049462e-02,-6.261434645458911763e-02
7.359375611581910059e-02,-4.581056011000966127e-02
-5.293573132138160164e-02,7.364027534893892446e-02
5.939438536624370990e-02,5.639334509144429408e-02
5.852386471739161322e-02,5.973945568932976374e-02
-8.099819832767084227e-02,-6.757854537139980355e-02
-7.982602306929423297e-02,5.886761643289346174e-02
6.299758522517656667e-02,-6.954465988035647694e-02
4.738471713942793428e-02,-8.750312692185638341e-02
9.129718160717746611e-02,6.027593143377973917e-02
-5.775058927527092906e-02,-6.154714824527842548e-02
-5.112988955072823166e-02,-7.129682459949153450e-02
-8.287511859911439460e-02,-8.312404725572752895e-02
-6.898816685606325161e-02,8.298083279340080776e-02
-5.032753526197941696e-02,7.584806419208807438e-02
-5.744182898860976383e-02,-6.607754374266931741e-02
-1.025892371575362477e-01,5.493310842269247957e-02
9.172856232360034057e-02,6.844524486085597215e-02
-8.014446104850538044e-02,6.436317043497996604e-02
7.403578563379802080e-02,6.436614359476250380e-02
7.388741526560869965e-02,-4.584794572586744360e-02
-5.697164537980910909e-02,1.125649122575928945e-01
9.320127681815562615e-02,7.231024626736318184e-02
9.049775393183373540e-02,7.855730619166328976e-02
8.726021047951251774e-02,7.850496031766675264e-02
8.594798233084592620e-02,8.597213914458660955e-02
6.596285743291775694e-02,9.468584107981554976e-02
8.127871825885941981e-02,8.400899753134150050e-02
8.473555246269771912e-02,8.099524806350362482e-02
7.664414319084868199e-02,9.751768544949464268e-02
8.936411237835732713e-02,7.390593245692425595e-02
8.975445915917258655e-02,8.294479101873158955e-02
1.071423422615605803e-01,5.628768614560606537e-02
7.934771359825182335e-02,8.516714934192287645e-02
7.008651147962009775e-02,9.757379097710773552e-02
7.953158826042072693e-02,8.669230937229072120e-02
1.017244198482094297e-01,7.493748677367463584e-02
8.319358566983567349e-02,8.845083941804419980e-02
8.089237982392548376e-02,9.590907469005104102e-02
8.088281137810054977e-02,9.423875323726331465e-02
9.775322595693819450e-02,8.343882532307374256e-02
6.723898297373337440e-02,1.011761344254018397e-01
1.019053026147726249e-01,7.104630326145310038e-02
8.677930444558201728e-02,9.699135597242439233e-02
8.592552254373705956e-02,9.612808678998696621e-02
8.616409728900981113e-02,8.459289149160501009e-02
7.052730577401529477e-02,1.011282402062240182e-01
9.414373199526000768e-02,7.427340165956322626e-02
1.002710268545563138e-01,6.028469581958275508e-02
8.794068953669600952e-02,9.124933253659249510e-02
9.024916996903360744e-02,9.096200456415333424e-02
8.795310931901598184e-02,8.970918993457978330e-02
1.030939360932700138e-01,8.498031572536092482e-02
9.484668558708513053e-02,8.496105323018465771e-02
1.009484910553491988e-01,8.945819453503238428e-02
9.389385232346911248e-02,1.006809241393976928e-01
8.819824136080482713e-02,8.880244564869360646e-02
9.670211996063042548e-02,7.472546910519166363e-02
9.185734913051393780e-02,9.422035412026184831e-02
1.018772710932374370e-01,6.784666254868042257e-02
7.183952876630259055e-02,1.022707970229145974e-01
1.020353642506676428e-01,7.518045975808863857e-02
1.016758871775528122e-01,7.888527595610436705e-02
9.872653822702376347e-02,8.570036885760864975e-02
9.519461126176448351e-02,8.564326327536357641e-02
9.376306476637309706e-02,9.378941811208164892e-02
7.196073143229571312e-02,1.032954399726380840e-01
8.866923361734510567e-02,9.164777186005317045e-02
9.244039101454182283e-02,8.835998802989003531e-02
8.361324567578112821e-02,1.063847784287802745e-01
9.748981685768087768e-02,8.062605477930805120e-02
9.791565711010284667e-02,9.048679912444511364e-02
1.168845865167704029e-01,6.140581568632846876e-02
8.656264646839072208e-02,9.291123215638480426e-02
7.645934130037523868e-02,1.064459855226139035e-01
8.466687772744231621e-02,9.228996073232083319e-02
1.082926822608105272e-01,7.977613887318804609e-02
8.856532730807824272e-02,9.416203762177408065e-02
8.611553448684880485e-02,1.021018450322562082e-01
8.610534821431957420e-02,1.003236722923175894e-01
1.040650716349134502e-01,8.882640188471864484e-02
7.158054899285552775e-02,1.077089944976467872e-01
1.084852444793526910e-01,7.563370483093651009e-02
9.238257300619026613e-02,1.032540083299556960e-01
9.147366310673357703e-02,1.023349985639747800e-01
9.172764242776414167e-02,9.005498515983775820e-02
7.508119610112386211e-02,1.076580077879924352e-01
1.002225156066009343e-01,7.906917432756652153e-02
1.067454448728104854e-01,6.417722921714560935e-02
9.195607748370014656e-02,9.541579372731025244e-02
9.436996355423249438e-02,9.511534630716779459e-02
9.196906435554934311e-02,9.380532793277575332e-02
1.078012240458552790e-01,8.886053246341402145e-02
9.917740257516094449e-02,8.884039043918960654e-02
1.055578175956279063e-01,9.354287203743959223e-02
9.818106277068899823e-02,1.052780335254217409e-01
9.222538917114075918e-02,9.285718153717514856e-02
1.011175564211057032e-01,7.813744767347444165e-02
9.605157246996709475e-02,9.852247269916029893e-02
1.065290058996919698e-01,7.094455355314822909e-02
7.511973477158184753e-02,1.069405002951974437e-01
1.066943176195667975e-01,7.861321328268873476e-02
1.049490725571743110e-01,8.142477808482473378e-02
1.019047771436021599e-01,8.845926481770037542e-02
9.825914916204996075e-02,8.840032087277081840e-02
9.678151782600422082e-02,9.680871954774637744e-02
7.427731622510644338e-02,1.066207625568372924e-01
9.152370430017001124e-02,9.459812867772585121e-02
9.541626410259185231e-02,9.120450337164368038e-02
8.630495224344299221e-02,1.098095540666783193e-01
1.006282428115483768e-01,8.322159666289491442e-02
1.010677918608834658e-01,9.339978150566267956e-02
1.206473756136749870e-01,6.338261297531831706e-02
8.934930116801387268e-02,9.590226272556813536e-02
7.892074690033666629e-02,1.098727315604782206e-01
8.658448411324311256e-02,9.438022108909600860e-02
1.107453856628106553e-01,8.158297570766093187e-02
9.057122904633806149e-02,9.629469834448080301e-02
8.806595126470884161e-02,1.044143331656462725e-01
8.805553428494469759e-02,1.025958868796328499e-01
1.064220245693104361e-01,9.083821665873426099e-02
7.320176524095789450e-02,1.101484780501378463e-01
1.109423091918186194e-01,7.734672034843875776e-02
9.447493092334018072e-02,1.055925916230640860e-01
9.354543527094091870e-02,1.046527673539013326e-01
9.380516692843342275e-02,9.209462591724966452e-02
7.678169793798812759e-02,1.100963365507635489e-01
1.024924391125429241e-01,8.085999923667251676e-02
1.091631051460781598e-01,6.563076887601873577e-02
9.341915624163450727e-02,9.693391873648785073e-02
9.587144875065914396e-02,9.662869100980862880e-02
9.343234974274468307e-02,9.529782942299902526e-02
1.095164090047697075e-01,9.027435916224210710e-02
1.007553771359021161e-01,9.025389666580321824e-02
1.072373085535306136e-01,9.503119769006880546e-02
9.974318494142507541e-02,1.069530729436205807e-01
9.369275284661335301e-02,9.433459742469793574e-02
1.027264000440861330e-01,7.938066338056602722e-02
9.757981311694240156e-02,1.000900269155834410e-01
1.082239490714831526e-01,7.207332581198176713e-02
7.631493677729424274e-02,1.086419906004196106e-01
1.083918910043075584e-01,7.986399871845564769e-02
1.061208563803622967e-01,8.233390701223371189e-02
1.030425706128813013e-01,8.944693562792135899e-02
9.935623824214240285e-02,8.938733355844187545e-02
9.786210876605574982e-02,9.788961420213022901e-02
7.510664187288655647e-02,1.078112112357621222e-01
9.254559037809370614e-02,9.565434150731544349e-02
9.648161162801704993e-02,9.222282548777831213e-02
8.726856959075005027e-02,1.110356064361904399e-01
1.017517834413921574e-01,8.415078753932055122e-02
1.021962401707377094e-01,9.444261447589218095e-02
1.219944350931875254e-01,6.409029641402046173e-02
9.034690946669410305e-02,9.697303655263295186e-02
7.980191766515071228e-02,1.110994893232198494e-01
8.726238644642939080e-02,9.511915916487477529e-02
1.116124527372329839e-01,8.222171935956247568e-02
9.128034509777470384e-02,9.704862557924742728e-02
8.875545255871129802e-02,1.052318320604656160e-01
8.874495402051368886e-02,1.033991484778662984e-01
1.072552424315730418e-01,9.154942305611717124e-02
7.377488925917455309e-02,1.110108717114484389e-01
1.118109180542545822e-01,7.795229677157637649e-02
9.521461051785949647e-02,1.064193155443482197e-01
9.427783749610357811e-02,1.054721330392223155e-01
9.453960268995559302e-02,9.281566921296957595e-02
7.738285058919629200e-02,1.109583219767598661e-01
1.032948907794890986e-01,8.149308243518521566e-02
1.100177839541149200e-01,6.614461673000228414e-02
9.393177431427356117e-02,9.746582333288050792e-02
9.639752326531821069e-02,9.715892073291769460e-02
9.394504021196047050e-02,9.582075632162297130e-02
1.101173573837206654e-01,9.076972081893248945e-02
1.013082511856508994e-01,9.074914603882600073e-02
1.078257508456395564e-01,9.555266150284892623e-02
1.002905047983000952e-01,1.075399555522942724e-01
9.420687222337424671e-02,9.485223878928003560e-02
1.032900896696222759e-01,7.981624816107617260e-02
9.811526192359940057e-02,1.006392499952176445e-01
1.088178053469874840e-01,7.246881310658827291e-02
7.673369902454856006e-02,1.092381407913420172e-01
1.089866688260277133e-01,8.030223570049828397e-02
1.065288281976300017e-01,8.265043210270352214e-02
1.034387082452256357e-01,8.979080609902231891e-02
9.973820411063524793e-02,8.973097489489927081e-02
9.823833059196940276e-02,9.826594177014891240e-02
7.539538241097579196e-02,1.082256814659309785e-01
9.290137334078803211e-02,9.602207577619860379e-02
9.685252626036526535e-02,9.257736761070423093e-02
8.760406553509754446e-02,1.114624725554840129e-01
1.021429587618402635e-01,8.447429745893403341e-02
1.025891241639741713e-01,9.480569037227533358e-02
1.224634314156740900e-01,6.433668563089160741e-02
9.069423980397989249e-02,9.734584042265206905e-02
8.010870875675862868e-02,1.115266010343640563e-01
8.749735844826300735e-02,9.537528715027457360e-02
1.119129923226972190e-01,8.244311832398319717e-02
9.152613628329146767e-02,9.730994905154966013e-02
8.899444494948410833e-02,1.055151905066737117e-01
8.898391814180364734e-02,1.036775720449395338e-01
1.075440493281936138e-01,9.179593878962187536e-02
7.397354338863648682e-02,1.113097914157285123e-01
1.121119920485831312e-01,7.816219943371814638e-02
9.547099552574517256e-02,1.067058715351424103e-01
9.453170004911322366e-02,1.057561385454561520e-01
9.479417009982414599e-02,9.306559457582783135e-02
7.759121989985799661e-02,1.112571001800237436e-01
1.035730336111723299e-01,8.171251939416805665e-02
1.103140295644601115e-01,6.632272477444717262e-02
9.410890050896755787e-02,9.764961364798631360e-02
9.657929909781536038e-02,9.734213232490165901e-02
9.412219142202324362e-02,9.600144455054074322e-02
1.103250045683451114e-01,9.094088436140215781e-02
1.014992871280103182e-01,9.092027078364139925e-02
1.080290767710437722e-01,9.573284418808444829e-02
7.961959417770439473e-02,1.056945020191791956e-01
9.438451716740693664e-02,9.503110069450436403e-02
1.034848627447221836e-01,7.996675685118376231e-02
9.830027687847277262e-02,1.008290244088135001e-01
1.090230019795090100e-01,7.260546681289017923e-02
1.016208035614632743e-01,1.034490032635604490e-01
1.091921838827000085e-01,8.045366081238279621e-02
1.066694859713648025e-01,8.275956149025505415e-02
1.035752859084360655e-01,8.990936344262050184e-02
9.986989572861193487e-02,8.984945323899928837e-02
9.999057017051751761e-02,9.924225113010401444e-02
7.549493242780443147e-02,1.083685797186714345e-01
9.302403779295656538e-02,9.614886071917212729e-02
9.698040770762100804e-02,9.269960425449975949e-02
8.771973556579967801e-02,1.116096445793379327e-01
9.293305873681738383e-02,1.059882897888345249e-01
1.027245800594200204e-01,9.493086923297219815e-02
1.226251288070590306e-01,6.442163404460671261e-02
9.081399001692440354e-02,9.747437322853996777e-02
8.021448212178235171e-02,1.116738577317211711e-01
8.443411788113586169e-02,9.706093127680026633e-02
1.120164505322105569e-01,8.251933304428932248e-02
9.161074781933405131e-02,9.739990744590372451e-02
8.907671605795879077e-02,1.056127342543630304e-01
8.906617951874805372e-02,1.037734170022392988e-01
8.514171001237322289e-02,1.068476501380661581e-01
7.404192839194581599e-02,1.114126919948495165e-01
1.122156342238264937e-01,7.823445664923178722e-02
9.555925389550683213e-02,1.068045160105019487e-01
9.461909008512560393e-02,1.058539050380847141e-01
7.089465929157023893e-02,1.179587154083397704e-01
7.766294927209789478e-02,1.113599520486171779e-01
1.036687819276892880e-01,8.178805871070218836e-02
1.104160096093688703e-01,6.638403696182418323e-02
9.416980875242819682e-02,9.771281347722397814e-02
1.016482075281288644e-01,8.679811108560218924e-02
9.418310826749885789e-02,9.606357766787219921e-02
1.103964080402983911e-01,9.099974223239262749e-02
1.015649785053193838e-01,9.097911531331338841e-02
1.080989942950315447e-01,9.579480346451263451e-02
7.967112479383302304e-02,1.057629085824970117e-01
9.444560379278942042e-02,9.509260579536231439e-02
1.035518392068895260e-01,8.001851215454729160e-02
9.836389782361169842e-02,1.008942819852316763e-01
1.090935627820629195e-01,7.265245781401011294e-02
1.016865735854515784e-01,1.035159565171046014e-01
1.092628541815129778e-01,8.050573124497270583e-02
1.067178171785769514e-01,8.279705927585649661e-02
1.036222151549746756e-01,8.995010075409518024e-02
9.991514608845721013e-02,8.989016340557456908e-02
1.000358752071187907e-01,9.928721710851753923e-02
7.552913866016233713e-02,1.084176807735229842e-01
9.306618634186292205e-02,9.619242510375981825e-02
9.702434886040478546e-02,9.274160580481111138e-02
8.775948077200945718e-02,1.116602141382882912e-01
9.297516606374189863e-02,1.060363123507621075e-01
1.027711238570151592e-01,9.497388175403150001e-02
1.226806894058171671e-01,6.445082304196243783e-02
9.085513720845066199e-02,9.751853819368892784e-02
8.025082674950353989e-02,1.117244563852072964e-01
8.446089934252662412e-02,9.709171780775213700e-02
1.120519807695167930e-01,8.254550715953297424e-02
9.163980561927644042e-02,9.743080149591792916e-02
8.910497009426293635e-02,1.056462333118031310e-01
8.909443021299184862e-02,1.038063326509199441e-01
8.516871591326569124e-02,1.068815408956020757e-01
7.406541357893289823e-02,1.114480307273901238e-01
1.122512276397444192e-01,7.825927165450166645e-02
9.558956411290421562e-02,1.068383930864242742e-01
9.464910209415153264e-02,1.058874805919245987e-01
7.091714620359439170e-02,1.179961304588156984e-01
7.768758300227258939e-02,1.113952740526969326e-01
1.037016643874140859e-01,8.181400087474148541e-02
1.104510322065426764e-01,6.640509316004676588e-02
9.419071844295283380e-02,9.773450986502775495e-02
1.016707777402802437e-01,8.681738394667057324e-02
9.420402091107979436e-02,9.608490785539552936e-02
1.104209207239040674e-01,9.101994803373288090e-02
1.015875302370986277e-01,9.099931653460299752e-02
1.081229968553710230e-01,9.581607397276627192e-02
7.968881516174669555e-02,1.057863924327537147e-01
9.446657472150728208e-02,9.511372038595886091e-02
1.035748321059912491e-01,8.003627965718494719e-02
9.838573877974761406e-02,1.009166847939446388e-01
1.091177861787781256e-01,7.266858974024921480e-02
1.017091523164944944e-01,1.035389414487277032e-01
1.092871151680971237e-01,8.052360693090740429e-02
1.067344048717574212e-01,8.280992884395509124e-02
1.036383216829857845e-01,8.996408215581712386e-02
9.993067640786607031e-02,8.990413549092954315e-02
1.000514242920686886e-01,9.930264982573085153e-02
7.554087853838892253e-02,1.084345326851489516e-01
9.308065209261884299e-02,9.620737678170913909e-02
9.703942984849543707e-02,9.275602110436299841e-02
8.777312167452426539e-02,1.116775700533694238e-01
9.298961766675295504e-02,1.060527941141804903e-01
1.027870980955764707e-01,9.498864402758942782e-02
1.226997582894285010e-01,6.446084096123887164e-02
9.086925928459248236e-02,9.753369599614154783e-02
8.026330054372830813e-02,1.117418222857876481e-01
8.447008929730721871e-02,9.710228208664534177e-02
1.120641728328782560e-01,8.255448870583481646e-02
9.164977669081723899e-02,9.744140266956106966e-02
8.911466535742339212e-02,1.056577283836581116e-01
8.910412432933723093e-02,1.038176275283179961e-01
8.517798288359229586e-02,1.068931703778282644e-01
7.407347242991479952e-02,1.114601570766327460e-01
1.122634413826018585e-01,7.826778682747836946e-02
9.559996494664545208e-02,1.068500178738577555e-01
9.465940059884475621e-02,1.058990019132229482e-01
7.092486250038798623e-02,1.180089692885184921e-01
7.769603597140226081e-02,1.114073946616329774e-01
1.037129478761504575e-01,8.182290282788565183e-02
1.104630500751582339e-01,6.641231851293900867e-02
9.419789260568431355e-02,9.774195394539834936e-02
1.016785216317867557e-01,8.682399650946497072e-02
9.421119608701161718e-02,9.609222629161079388e-02
1.104293310818175444e-01,9.102688069047230879e-02
1.015952677879471272e-01,9.100624761991653322e-02
1.081312321888229372e-01,9.582337193288735511e-02
7.969488476751357409e-02,1.057944497955877056e-01
9.447376989520316071e-02,9.512096485037452309e-02
1.035827210223589923e-01,8.004237572805236733e-02
9.839323246184424054e-02,1.009243712489478750e-01
1.091260972816966157e-01,7.267412464110659109e-02
1.017168991308522175e-01,1.035468276314352454e-01
1.092954391681857651e-01,8.052974011971197887e-02
1.067400956382773686e-01,8.281434402733620082e-02
1.036438473753988898e-01,8.996887877774369102e-02
9.993600441946925983e-02,8.990892891667512377e-02
1.000567587415961551e-01,9.930794435279220733e-02
7.554490615725266422e-02,1.084403140975150337e-01
9.308561488094578562e-02,9.621250627785817022e-02
9.704460370728221208e-02,9.276096658431445818e-02
8.777780148084141087e-02,1.116835243750096407e-01
9.299457560139039181e-02,1.060584485392069565e-01
1.027925784032357459e-01,9.499370854446996526e-02
1.227063002819314547e-01,6.446427782488209357e-02
9.087410416791806556e-02,9.753889620775475777e-02
8.026757994833137733e-02,1.117477800331691529e-01
8.447324191243246738e-02,9.710590616382755447e-02
1.120683553217238365e-01,8.255756982640562180e-02
9.165319726814377677e-02,9.744503940349182047e-02
8.911799131865090484e-02,1.056616717694811025e-01
8.910744989714966535e-02,1.038215022374077284e-01
8.518116191891011990e-02,1.068971598731457279e-01
7.407623701974183628e-02,1.114643170222417157e-01
1.122676313086012068e-01,7.827070795862224595e-02
9.560353295394803663e-02,1.068540057586259973e-01
9.466293350215472524e-02,1.059029543039207155e-01
7.092750957695834191e-02,1.180133736506375347e-01
7.769893576350872522e-02,1.114115526380290710e-01
1.037168186783583995e-01,8.182595664401381974e-02
1.104671728064746533e-01,6.641479717114318060e-02
9.420035359522010987e-02,9.774450752615490567e-02
1.016811780582823899e-01,8.682626485051758713e-02
9.421365742411068334e-02,9.609473677201361974e-02
1.104322161296749788e-01,9.102925883497914317e-02
1.015979220393745941e-01,9.100862522536917742e-02
1.081340571971489972e-01,9.582587538927142545e-02
7.969696685525506918e-02,1.057972137537473850e-01
9.447623809223691660e-02,9.512344995585463037e-02
1.035854271974704921e-01,8.004446689425193107e-02
9.839580305773318325e-02,1.009270079727075942e-01
1.091289482816081985e-01,7.267602330630294760e-02
1.017195565599883778e-01,1.035495328688054162e-01
1.092982945922792715e-01,8.053184401866633757e-02
1.067420477109640997e-01,8.281585854367684574e-02
1.036457428236125800e-01,8.997052413687391115e-02
9.993783205830995831e-02,8.991057317943676463e-02
1.000585885888029963e-01,9.930976050561259039e-02
7.554628772944489701e-02,1.084422972639533106e-01
9.308731723923252543e-02,9.621426582102238223e-02
9.704637846792077416e-02,9.276266300540327026e-02
8.777940676934849196e-02,1.116855668535757934e-01
9.299627629474238599e-02,1.060603881458688363e-01
1.027944582833641846e-01,9.499544579814910017e-02
1.227085443460372433e-01,6.446545675352424731e-02
9.087576608189346095e-02,9.754068000806000172e-02
8.026904788921630785e-02,1.117498236868486872e-01
8.447432331362236813e-02,9.710714928460865980e-02
1.120697899873060871e-01,8.255862670373415035e-02
9.165437058497569178e-02,9.744628686575530774e-02
8.911913218053414687e-02,1.056630244186157752e-01
8.910859062408482689e-02,1.038228313292422073e-01
8.518225238268031796e-02,1.068985283386297835e-01
7.407718532158323599e-02,1.114657439551061946e-01
1.122690685252550613e-01,7.827170995682666832e-02
9.560475684179645106e-02,1.068553736716639779e-01
9.466414534873016096e-02,1.059043100418822630e-01
7.092841756973232437e-02,1.180148844225671761e-01
7.769993044205641963e-02,1.114129788954196926e-01
1.037181464300652167e-01,8.182700415544912065e-02
1.104685869741970083e-01,6.641564739352198710e-02
9.420119774424867698e-02,9.774538343508652749e-02
1.016820892445402524e-01,8.682704291879787817e-02
9.421450169235764949e-02,9.609559789700519716e-02
1.104332057358113489e-01,9.103007456716573353e-02
1.015988324795578657e-01,9.100944077265366028e-02
1.081350262090035735e-01,9.582673410494002564e-02
7.969768103640814672e-02,1.057981618246601474e-01
9.447708471352406212e-02,9.512430237694234625e-02
1.035863554481023102e-01,8.004518418942536961e-02
9.839668480305999165e-02,1.009279124006899064e-01
1.091299262088893662e-01,7.267667457131558872e-02
1.017204680901639818e-01,1.035504607977806441e-01
1.092992740371081239e-01,8.053256568132789728e-02
1.067427172883407549e-01,8.281637803554064980e-02
1.036463929783180138e-01,8.997108850891680221e-02
9.993845895382916233e-02,8.991113717541601713e-02
1.000592162418103837e-01,9.931038346133011507e-02
7.554676162034582032e-02,1.084429775067487223e-01
9.308790116246629109e-02,9.621486935915088412e-02
9.704698722577112524e-02,9.276324489212814384e-02
8.777995739683008836e-02,1.116862674409307699e-01
9.299685964688954309e-02,1.060610534472939959e-01
1.027951030980851777e-01,9.499604169079645111e-02
1.227093140789304870e-01,6.446586113598030965e-02
9.087633613238772778e-02,9.754129186659221684e-02
8.026955140530642185e-02,1.117505246772774186e-01
8.447469424060763399e-02,9.710757568236742798e-02
1.120702820860611931e-01,8.255898921889034958e-02
9.165477303956820476e-02,9.744671475266809824e-02
8.911952350288790403e-02,1.056634883852456963e-01
8.910898190015052733e-02,1.038232872155792075e-01
8.518262641818406811e-02,1.068989977303608230e-01
7.407751059470710220e-02,1.114662334014935585e-01
1.122695614990427831e-01,7.827205364811969102e-02
9.560517664254586379e-02,1.068558428739027344e-01
9.466456101925191380e-02,1.059047750679980304e-01
7.092872901660833562e-02,1.180154026262482392e-01
7.770027162266404663e-02,1.114134681101155017e-01
1.037186018567305551e-01,8.182736345804871025e-02
1.104690720420653111e-01,6.641593902481184031e-02
9.420148729085009442e-02,9.774568387546578307e-02
1.016824017851880729e-01,8.682730979942988869e-02
9.421479127985145363e-02,9.609589326643200313e-02
1.104335451748012092e-01,9.103035436667306080e-02
1.015991447642990292e-01,9.100972050873883112e-02
1.081353585840697379e-01,9.582702864795913933e-02
7.969792600349176470e-02,1.057984870168967861e-01
9.447737510812036221e-02,9.512459476089418775e-02
1.035866738419007893e-01,8.004543022463081470e-02
9.839698724534690077e-02,1.009282226232213059e-01
1.091302616419837224e-01,7.267689795790333029e-02
1.017207807487769955e-01,1.035507790812496276e-01
1.092996099907275198e-01,8.053281321459980491e-02
1.067429469553157761e-01,8.281655622275102546e-02
1.036466159832606232e-01,8.997128209015832490e-02
9.993867398080370779e-02,8.991133062766661077e-02
1.000594315286055941e-01,9.931059713694130597e-02
7.554692416629418816e-02,1.084432108319931670e-01
9.308810144982281043e-02,9.621507637447293537e-02
9.704719603147288209e-02,9.276344448095619200e-02
8.778014626364732953e-02,1.116865077444179205e-01
9.299705973836164263e-02,1.060612816476052545e-01
1.027953242713977033e-01,9.499624608369637568e-02
1.227095780995371144e-01,6.446599984033123121e-02
9.087653166135446769e-02,9.754150173583678307e-02
8.026972411278027186e-02,1.117507651190200596e-01
8.447482146931384328e-02,9.710772193766113725e-02
1.120704508769295449e-01,8.255911356232216447e-02
9.165491108230748585e-02,9.744686151874468183e-02
8.911965772724672608e-02,1.056636475267382219e-01
8.910911610863253562e-02,1.038234435855149157e-01
8.518275471311842484e-02,1.068991587326739989e-01
7.407762216404650824e-02,1.114664012825944128e-01
1.122697305900491049e-01,7.827217153492839474e-02
9.560532063505206013e-02,1.068560038112196936e-01
9.466470359508165344e-02,1.059049345728963198e-01
7.092883584351677984e-02,1.180155803711590012e-01
7.770038864830255965e-02,1.114136359117456898e-01
1.037187580689979544e-01,8.182748669956713128e-02
1.104692384213252498e-01,6.641603905493410898e-02
9.420158660574434739e-02,9.774578692694131654e-02
1.016825089870728033e-01,8.682740133986453779e-02
9.421489060877187571e-02,9.609599457856363158e-02
1.104336616028553514e-01,9.103045033830023391e-02
1.015992518784074039e-01,9.100981645861210001e-02
1.081354725891880419e-01,9.582712967663171988e-02
7.969801002754828279e-02,1.057985985582944322e-01
9.447747471387805962e-02,9.512469504900365747e-02
1.035867830514245053e-01,8.004551461505468590e-02
9.839709098347955429e-02,1.009283290299888142e-01
1.091303766960100008e-01,7.267697457981921183e-02
1.017208879911239705e-01,1.035508882529301289e-01
1.092997252232946609e-01,8.053289811886256422e-02
1.067430257313158187e-01,8.281661734114083295e-02
1.036466924741770018e-01,8.997134848871603252e-02
9.993874773526910393e-02,8.991139698198029329e-02
1.000595053721897165e-01,9.931067042788768728e-02
7.554697991971554005e-02,1.084432908627833009e-01
9.308817014858458694e-02,9.621514738093354946e-02
9.704726765203552930e-02,9.276351294012204207e-02
8.778021104515285056e-02,1.116865901687521395e-01
9.299712836993492826e-02,1.060613599205381813e-01
1.027954001340631862e-01,9.499631619066362109e-02
1.227096686588668439e-01,6.446604741606108691e-02
9.087659872798385663e-02,9.754157372119567904e-02
8.026978335161495670e-02,1.117508475907760812e-01
8.447486510884834321e-02,9.710777210332836862e-02
1.120705087723145171e-01,8.255915621220558109e-02
9.165495843106286067e-02,9.744691185961078250e-02
8.911970376629495261e-02,1.056637021123805753e-01
8.910916214223495169e-02,1.038234972205113599e-01
8.518279871836989536e-02,1.068992139565791005e-01
7.407766043240730791e-02,1.114664588659284444e-01
1.122697885883815888e-01,7.827221197018555121e-02
9.560537002458156797e-02,1.068560590128310728e-01
9.466475249869019115e-02,1.059049892831871315e-01
7.092887248522047883e-02,1.180156413377867197e-01
7.770042878817774723e-02,1.114136934678212620e-01
1.037188116499140333e-01,8.182752897149343785e-02
1.104692954895268725e-01,6.641607336533546235e-02
9.420162067080130319e-02,9.774582227364743414e-02
1.016825457573713176e-01,8.682743273827807362e-02
9.421492467863980258e-02,9.609602932867396252e-02
1.104337015377344633e-01,9.103048325661498852e-02
1.015992886185986127e-01,9.100984936946525383e-02
1.081355116929989812e-01,9.582716432951547680e-02
7.969803884784050496e-02,1.057986368170479863e-01
9.447750887870134950e-02,9.512472944787393747e-02
1.035868205103441936e-01,8.004554356101105383e-02
9.839712656570941129e-02,1.009283655275617503e-01
1.091304161595969269e-01,7.267700086117359626e-02
1.017209247753010359e-01,1.035509256988695753e-01
1.092997647481211421e-01,8.053292724106594913e-02
1.067430527515106226e-01,8.281663830476930499e-02
1.036467187105873239e-01,8.997137126344390001e-02
9.993877303307581450e-02,8.991141974153243899e-02
1.000595307005641837e-01,9.931069556670722720e-02
7.554699904315806402e-02,1.084433183133714645e-01
9.308819371228321815e-02,9.621517173617373520e-02
9.704729221791286164e-02,9.276353642163917557e-02
8.778023326523126668e-02,1.116866184403268319e-01
9.299715191058784136e-02,1.060613867681807904e-01
1.027954261549831744e-01,9.499634023737724142e-02
1.227096997207477586e-01,6.446606373455260330e-02
9.087662173186052128e-02,9.754159841219824101e-02
8.026980367055543131e-02,1.117508758786164291e-01
8.447488007721908054e-02,9.710778931016418591e-02
1.120705286304453513e-01,8.255917084112573967e-02
9.165497467169722579e-02,9.744692912653984962e-02
8.911971955769945608e-02,1.056637208352688984e-01
8.910917793177156043e-02,1.038235156173279161e-01
8.518281381218165138e-02,1.068992328983917189e-01
7.407767355846420210e-02,1.114664786170257715e-01
1.122698084818234410e-01,7.827222583948839629e-02
9.560538696520197444e-02,1.068560779469969191e-01
9.466476927263957342e-02,1.059050080488298934e-01
7.092888505333359850e-02,1.180156622493545721e-01
7.770044255616451179e-02,1.114137132095689153e-01
1.037188300281810527e-01,8.182754347077424162e-02
1.104693150639336069e-01,6.641608513381129508e-02
9.420163235512150901e-02,9.774583439757351944e-02
1.016825583695898094e-01,8.682744350793915322e-02
9.421493636461018839e-02,9.609604124796758406e-02
1.104337152354046420e-01,9.103049454760241133e-02
1.015993012204902957e-01,9.100986065789337665e-02
1.081355251056126260e-01,9.582717621546035791e-02
7.969804873320550376e-02,1.057986499398068242e-01
9.447752059724140450e-02,9.512474124669215159e-02
1.035868333587598722e-01,8.004555348947889337e-02
9.839713877042019496e-02,1.009283780462353480e-01
1.091304296956137621e-01,7.267700987568249948e-02
1.017209373922799143e-01,1.035509385428330376e-01
1.092997783051432026e-01,8.053293722998651483e-02
1.067430620194405877e-01,8.281664549529629826e-02
1.036467277096791012e-01,8.997137907517820110e-02
9.993878171022649304e-02,8.991142754806148718e-02
1.000595393881996004e-01,9.931070418932527732e-02
7.554700560250107721e-02,1.084433277289264669e-01
9.308820179463460354e-02,9.621518009002393013e-02
9.704730064401163869e-02,9.276354447580233142e-02
8.778024088672074787e-02,1.116866281374802455e-01
9.299715998503457759e-02,1.060613959769253489e-01
1.027954350801617844e-01,9.499634848540279564e-02
1.227097103749765078e-01,6.446606933179707677e-02
9.087662962219289486e-02,9.754160688121497891e-02
8.026981063995437815e-02,1.117508855813489493e-01
8.447488521137144768e-02,9.710779521211027054e-02
1.120705354417858429e-01,8.255917585884654797e-02
9.165498024223611706e-02,9.744693504909789084e-02
9.843589322327961355e-02,9.846355992904171073e-02
8.910918334758388681e-02,1.038235219274374899e-01
8.518281898936029550e-02,1.068992393954349834e-01
7.407767806070278405e-02,1.114664853916537274e-01
1.122698153052756193e-01,7.827223059666038596e-02
1.023483738129837284e-01,8.464417987024439038e-02
9.466477502610556871e-02,1.059050144854469105e-01
7.092888936419740331e-02,1.180156694220240166e-01
7.770044727858507749e-02,1.114137199809899226e-01
1.037188363319281187e-01,8.182754844402874428e-02
8.762053181551879288e-02,9.550955057810399385e-02
9.420163636284401010e-02,9.774583855608084959e-02
1.016825626955814854e-01,8.682744720193348587e-02
9.421494037289868118e-02,9.609604533628599010e-02
1.104337199337062925e-01,9.103049842041174844e-02
1.076954431864653450e-01,9.192516343230412723e-02
1.081355297061399046e-01,9.582718029234015000e-02
7.969805212388628157e-02,1.057986544409138946e-01
9.447752461670132218e-02,9.512474529368747378e-02
1.035868377657671729e-01,8.004555689494391446e-02
9.492761546702700726e-02,9.319660656136496968e-02
1.091304343384683212e-01,7.267701296765956276e-02
1.017209417199043814e-01,1.035509429483132127e-01
1.092997829552025540e-01,8.053294065618685216e-02
1.067430651983409251e-01,8.281664796164736608e-02
9.667446995139446220e-02,9.743805488707710238e-02
9.993878468648946523e-02,8.991143022570124987e-02
1.000595423680588625e-01,9.931070714688358669e-02
7.554700785235599070e-02,1.084433309584621752e-01
9.308820456688142453e-02,9.621518295539487065e-02
1.005786358830828287e-01,1.078489140535311003e-01
8.778024350089196071e-02,1.116866314636042745e-01
9.299716275457013681e-02,1.060613991355251057e-01
1.027954381414983714e-01,9.499635131447588254e-02
1.227097140293774008e-01,6.446607125165217111e-02
7.695415223678238326e-02,1.095519781189051717e-01
8.026981303045846450e-02,1.117508889093865865e-01
8.447488697238585142e-02,9.710779723647791628e-02
1.120705377780757961e-01,8.255917757992491113e-02
9.165498215293110817e-02,9.744693708053547843e-02
9.843589527533361250e-02,9.846356198167245666e-02
8.910918520520766384e-02,1.038235240918052305e-01
8.518282076513271350e-02,1.068992416239209625e-01
7.407767960497073367e-02,1.114664877153513090e-01
1.122698176457198743e-01,7.827223222837051408e-02
1.023483759465996651e-01,8.464418163478802659e-02
9.466477699954453651e-02,1.059050166932066911e-01
7.092889084282380519e-02,1.180156718822498313e-01
7.770044889837546265e-02,1.114137223035875229e-01
1.037188384941135355e-01,8.182755014985515496e-02
8.762053309413210533e-02,9.550955197183877421e-02
9.420163773749291869e-02,9.774583998244895655e-02
1.016825641793967089e-01,8.682744846897365310e-02
9.421494174774171226e-02,9.609604673857928547e-02
1.104337215452238369e-01,9.103049974878540951e-02
1.076954447580243390e-01,9.192516477373334494e-02
1.081355312841208310e-01,9.582718169070997272e-02
7.969805328688983614e-02,1.057986559847936686e-01
9.447752599537614926e-02,9.512474668180696813e-02
1.035868392773707375e-01,8.004555806301849596e-02
9.492761685226984436e-02,9.319660792134784599e-02
1.091304359309675370e-01,7.267701402820775369e-02
1.017209432042796430e-01,1.035509444593930295e-01
1.092997845501730014e-01,8.053294183137364726e-02
1.067430662887037807e-01,8.281664880760579439e-02
9.667447093890829679e-02,9.743805588239083659e-02
9.993878570734771039e-02,8.991143114413172044e-02
1.000595433901506348e-01,9.931070816132614443e-02
7.554700862405623607e-02,1.084433320661929434e-01
9.308820551776210428e-02,9.621518393821713866e-02
1.005786369104770400e-01,1.078489151551900310e-01
8.778024439755270636e-02,1.116866326044648194e-01
9.299716370452083825e-02,1.060614002189248228e-01
1.027954391915368720e-01,9.499635228484801241e-02
1.227097152828369314e-01,6.446607191016247296e-02
7.695415302285638082e-02,1.095519792379605895e-01
8.026981385040142525e-02,1.117508900509035785e-01
8.447488757641380408e-02,9.710779793083602895e-02
1.120705385794232706e-01,8.255917817025479333e-02
9.165498280829952049e-02,9.744693777731860962e-02
9.843589597918817047e-02,9.846356268572482862e-02
8.910918584237265128e-02,1.038235248341834033e-01
8.518282137422267253e-02,1.068992423882917236e-01
7.407768013465465540e-02,1.114664885123796273e-01
1.122698184484922923e-01,7.827223278804709694e-02
1.023483766784299420e-01,8.464418224002651092e-02
9.466477767643415031e-02,1.059050174504683334e-01
7.092889134999268153e-02,1.180156727261073152e-01
7.770044945396359370e-02,1.114137231002385459e-01
1.037188392357431405e-01,8.182755073495363851e-02
8.762053353269648459e-02,9.550955244988983128e-02
9.420163820899749019e-02,9.774584047169324053e-02
1.016825646883453421e-01,8.682744890356841605e-02
9.421494221931289714e-02,9.609604721956588325e-02
1.104337220979744044e-01,9.103050020441760815e-02
1.076954452970690368e-01,9.192516523384354488e-02
1.081355318253683084e-01,9.582718217035086916e-02
7.969805368580010208e-02,1.057986565143444607e-01
9.447752646826164391e-02,9.512474715793195479e-02
1.035868397958508158e-01,8.004555846366807892e-02
9.492761732740817582e-02,9.319660838782199697e-02
1.091304364771947810e-01,7.267701439197581104e-02
1.017209437134203726e-01,1.035509449776934182e-01
1.092997850972478729e-01,8.053294223446272326e-02
1.067430666626982827e-01,8.281664909776954853e-02
9.667447127762553161e-02,9.743805622378344522e-02
9.993878605750212973e-02,8.991143145915339585e-02
1.000595437407281185e-01,9.931070850927994909e-02
7.554700888874944786e-02,1.084433324461446524e-01
9.308820584391422348e-02,9.621518427532520235e-02
1.005786372628733050e-01,1.078489155330590588e-01
8.778024470510735477e-02,1.116866329957799941e-01
9.299716403035394874e-02,1.060614005905309715e-01
1.027954395517001185e-01,9.499635261768564487e-02
1.227097157127735871e-01,6.446607213603153252e-02
7.695415329247976000e-02,1.095519796217966219e-01
8.026981413164187285e-02,1.117508904424438926e-01
8.447488778359543704e-02,9.710779816900089179e-02
1.120705388542854591e-01,8.255917837273796245e-02
9.165498303309087269e-02,9.744693801631520991e-02
9.843589622061027500e-02,9.846356292721480941e-02
8.910918606092022021e-02,1.038235250888191324e-01
8.518282158314056940e-02,1.068992426504709048e-01
7.407768031633624184e-02,1.114664887857603343e-01
1.122698187238432704e-01,7.827223298001617646e-02
1.023483769294477319e-01,8.464418244762329790e-02
9.466477790860730601e-02,1.059050177102090762e-01
7.092889152395159824e-02,1.180156730155504374e-01
7.770044964453030889e-02,1.114137233734898563e-01
1.037188394901221306e-01,8.182755093564242355e-02
8.762053368312407164e-02,9.550955261386134820e-02
9.420163837072356716e-02,9.774584063950401969e-02
1.016825648629147150e-01,8.682744905263443946e-02
9.421494238106183083e-02,9.609604738454428918e-02
1.104337222875678148e-01,9.103050036069942896e-02
1.076954454819613605e-01,9.192516539166134537e-02
1.081355320110161805e-01,9.582718233486768600e-02
7.969805382262631910e-02,1.057986566959803754e-01
9.447752663046134203e-02,9.512474732124280574e-02
1.035868399736894624e-01,8.004555860109088816e-02
9.492761749038057528e-02,9.319660854782263470e-02
1.091304366645507173e-01,7.267701451674823954e-02
1.017209438880556649e-01,1.035509451554704613e-01
1.092997852848945628e-01,8.053294237272227984e-02
1.067430667909783637e-01,8.281664919729571361e-02
9.667447139380556942e-02,9.743805634088112400e-02
9.993878617760507121e-02,8.991143156720583784e-02
1.000595438609761939e-01,9.931070862862807769e-02
7.554700897953919858e-02,1.084433325764680711e-01
9.308820595578438939e-02,9.621518439095323727e-02
1.005786373837451869e-01,1.078489156626681461e-01
8.778024481059860940e-02,1.116866331300011561e-01
9.299716414211470217e-02,1.060614007179918744e-01
1.027954396752360777e-01,9.499635273184894868e-02
1.227097158602418608e-01,6.446607221350462991e-02
7.695415338496060242e-02,1.095519797534523776e-01
8.026981422810733346e-02,1.117508905767422289e-01
8.447488785465868955e-02,9.710779825069143500e-02
1.120705389485631975e-01,8.255917844218967072e-02
9.165498311019434907e-02,9.744693809829105269e-02
9.843589630341804952e-02,9.846356301004585698e-02
8.910918613588203474e-02,1.038235251761591704e-01
8.518282165479938717e-02,1.068992427403983592e-01
7.407768037865301858e-02,1.114664888795298958e-01
1.122698188182886525e-01,7.827223304586157504e-02
1.023483770155468459e-01,8.464418251882903366e-02
9.466477798824267376e-02,1.059050177993001440e-01
7.092889158361950774e-02,1.180156731148294252e-01
7.770044970989471722e-02,1.114137234672150367e-01
1.037188395773741140e-01,8.182755100447867969e-02
8.762053373472071527e-02,9.550955267010358130e-02
9.420163842619561079e-02,9.774584069706311606e-02
1.016825649227920403e-01,8.682744910376408165e-02
9.421494243654170153e-02,9.609604744113191266e-02
1.104337223525983652e-01,9.103050041430413297e-02
1.076954455453794368e-01,9.192516544579286408e-02
1.081355320746934107e-01,9.582718239129695004e-02
7.969805386955768067e-02,1.057986567582814980e-01
9.447752668609585291e-02,9.512474737725845619e-02
1.035868400346881268e-01,8.004555864822693323e-02
9.492761754628012416e-02,9.319660860270284619e-02
1.091304367288138122e-01,7.267701455954519996e-02
1.017209439479555555e-01,1.035509452164479621e-01
1.092997853492573973e-01,8.053294242014530369e-02
1.067430668349784312e-01,8.281664923143318424e-02
9.667447143365529016e-02,9.743805638104560685e-02
9.993878621880036839e-02,8.991143160426780245e-02
1.000595439022212707e-01,9.931070866956451249e-02
7.554700901068008012e-02,1.084433326211689946e-01
9.308820599415583430e-02,9.621518443061366499e-02
1.005786374252042453e-01,1.078489157071240434e-01
8.778024484678208228e-02,1.116866331760389686e-01
9.299716418044862154e-02,1.060614007617109444e-01
1.027954397176089330e-01,9.499635277100694497e-02
1.227097159108234414e-01,6.446607224007788739e-02
7.695415341668149223e-02,1.095519797986102967e-01
8.026981426119497720e-02,1.117508906228065618e-01
8.447488787903340013e-02,9.710779827871124370e-02
1.120705389809004693e-01,8.255917846601161514e-02
9.165498313664079133e-02,9.744693812640875530e-02
9.843589633182109333e-02,9.846356303845688052e-02
8.910918616159395345e-02,1.038235252061168179e-01
8.518282167937832328e-02,1.068992427712434495e-01
7.407768040002767063e-02,1.114664889116928348e-01
1.122698188506833644e-01,7.827223306844652284e-02
1.023483770450788199e-01,8.464418254325255242e-02
9.466477801555757410e-02,1.059050178298583667e-01
7.092889160408562266e-02,1.180156731488821442e-01
7.770044973231467200e-02,1.114137234993627518e-01
1.037188396073015079e-01,8.182755102808951519e-02
8.762053375241836417e-02,9.550955268939463616e-02
9.420163844522251584e-02,9.774584071680586517e-02
1.016825649433299172e-01,8.682744912130152537e-02
9.421494245557127112e-02,9.609604746054144220e-02
1.104337223749038421e-01,9.103050043269049485e-02
1.076954455671318284e-01,9.192516546435995639e-02
1.081355320965347033e-01,9.582718241065218967e-02
7.969805388565513737e-02,1.057986567796507654e-01
9.447752670517846341e-02,9.512474739647178157e-02
1.035868400556106406e-01,8.004555866439458378e-02
9.492761756545366192e-02,9.319660862152673309e-02
1.091304367508560275e-01,7.267701457422451328e-02
1.017209439685012179e-01,1.035509452373632316e-01
1.092997853713337936e-01,8.053294243641138939e-02
1.067430668500704422e-01,8.281664924314234566e-02
9.667447144732374542e-02,9.743805639482201741e-02
9.993878623293038499e-02,8.991143161698007813e-02
1.000595439163683292e-01,9.931070868360568349e-02
7.554700902136142482e-02,1.084433326365013828e-01
9.308820600731726458e-02,9.621518444421719995e-02
1.005786374394247173e-01,1.078489157223724015e-01
8.778024485919301567e-02,1.116866331918299066e-01
9.299716419359717323e-02,1.060614007767066158e-01
1.027954397321428071e-01,9.499635278443817332e-02
1.227097159281729799e-01,6.446607224919252699e-02
7.695415342756178889e-02,1.095519798140994622e-01
8.026981427254402390e-02,1.117508906386066037e-01
8.447488788739393462e-02,9.710779828832208360e-02
1.120705389919921524e-01,8.255917847418255129e-02
9.165498314571192406e-02,9.744693813605312394e-02
9.843589634156338364e-02,9.846356304820191863e-02
8.910918617041316270e-02,1.038235252163922789e-01
8.518282168780894059e-02,1.068992427818233615e-01
7.407768040735919490e-02,1.114664889227247740e-01
1.122698188617947818e-01,7.827223307619318726e-02
1.023483770552083144e-01,8.464418255162986515e-02
9.466477802492662130e-02,1.059050178403398851e-01
7.092889161110546570e-02,1.180156731605622178e-01
7.770044974000474280e-02,1.114137235103894591e-01
1.037188396175666438e-01,8.182755103618803705e-02
8.762053375848868897e-02,9.550955269601149600e-02
9.420163845174873984e-02,9.774584072357764275e-02
1.016825649503744489e-01,8.682744912731689413e-02
9.421494246209845269e-02,9.609604746719892232e-02
1.104337223825546110e-01,9.103050043899701960e-02
1.076954455745929018e-01,9.192516547072848709e-02
1.081355321040262801e-01,9.582718241729104580e-02
7.969805389117662342e-02,1.057986567869804440e-01
9.447752671172381100e-02,9.512474740306198218e-02
1.035868400627871083e-01,8.004555866994010616e-02
9.492761757203020678e-02,9.319660862798335998e-02
1.091304367584165491e-01,7.267701457925956898e-02
1.017209439755483724e-01,1.035509452445371598e-01
1.092997853789060420e-01,8.053294244199067642e-02
1.067430668552470374e-01,8.281664924715859133e-02
9.667447145201206460e-02,9.743805639954734865e-02
9.993878623777698034e-02,8.991143162134039579e-02
1.000595439212207949e-01,9.931070868842184485e-02
7.554700902502513304e-02,1.084433326417604398e-01
9.308820601183166732e-02,9.621518444888323141e-02
1.005786374443023434e-01,1.078489157276026206e-01
8.778024486344999933e-02,1.116866331972462684e-01
9.299716419810714896e-02,1.060614007818501126e-01
1.027954397371279721e-01,9.499635278904508540e-02
1.227097159341238447e-01,6.446607225231881788e-02
7.695415343129373420e-02,1.095519798194122818e-01
8.026981427643678502e-02,1.117508906440260602e-01
8.447488789026161293e-02,9.710779829161861332e-02
1.120705389957965814e-01,8.255917847698517054e-02
9.165498314882336572e-02,9.744693813936117222e-02
9.843589634490497453e-02,9.846356305154443933e-02
8.910918617343814574e-02,1.038235252199167791e-01
8.518282169070062748e-02,1.068992427854522365e-01
7.407768040987389169e-02,1.114664889265087055e-01
1.122698188656059970e-01,7.827223307885027015e-02
1.023483770586827296e-01,8.464418255450327500e-02
9.466477802814020348e-02,1.059050178439350232e-01
7.092889161351330352e-02,1.180156731645684853e-01
7.770044974264242454e-02,1.114137235141716142e-01
1.037188396210875774e-01,8.182755103896581506e-02
8.762053376057078735e-02,9.550955269828109717e-02
9.420163845398725477e-02,9.774584072590035422e-02
1.016825649527907244e-01,8.682744912938016035e-02
9.421494246433725905e-02,9.609604746948245679e-02
1.104337223851788591e-01,9.103050044116019202e-02
1.076954455771520353e-01,9.192516547291287865e-02
1.081355321065958774e-01,9.582718241956816874e-02
7.969805389307044186e-02,1.057986567894945162e-01
9.447752671396887625e-02,9.512474740532241013e-02
1.035868400652486115e-01,8.004555867184218187e-02
9.492761757428597180e-02,9.319660863019797736e-02
1.091304367610097942e-01,7.267701458098659029e-02
1.017209439779655777e-01,1.035509452469978581e-01
1.092997853815033116e-01,8.053294244390436785e-02
1.067430668570225893e-01,8.281664924853615606e-02
9.667447145362012551e-02,9.743805640116812161e-02
9.993878623943935890e-02,8.991143162283594947e-02
1.000595439228851857e-01,9.931070869007377344e-02
7.554700902628175285e-02,1.084433326435642608e-01
9.308820601338008149e-02,9.621518445048363177e-02
1.005786374459753385e-01,1.078489157293965744e-01
8.778024486491012301e-02,1.116866331991040462e-01
9.299716419965405045e-02,1.060614007836143263e-01
1.027954397388378543e-01,9.499635279062523807e-02
1.227097159361649759e-01,6.446607225339115455e-02
7.695415343257377971e-02,1.095519798212345186e-01
8.026981427777198086e-02,1.117508906458849066e-01
8.447488789124518727e-02,9.710779829274930608e-02
1.120705389971015237e-01,8.255917847794647102e-02
9.165498314989055373e-02,9.744693814049579239e-02
9.843589634605112715e-02,9.846356305269092501e-02
8.910918617447569079e-02,1.038235252211256732e-01
8.518282169169245910e-02,1.068992427866969352e-01
7.407768041073645171e-02,1.114664889278066118e-01
1.122698188669132291e-01,7.827223307976167999e-02
1.023483770598744430e-01,8.464418255548883385e-02
9.466477802924246066e-02,1.059050178451681340e-01
7.092889161433917067e-02,1.180156731659425945e-01
7.770044974354715916e-02,1.114137235154688821e-01
1.037188396222952502e-01,8.182755103991858070e-02
8.762053376128496607e-02,9.550955269905955780e-02
9.420163845475505726e-02,9.774584072669705026e-02
1.016825649536195059e-01,8.682744913008787202e-02
9.421494246510515869e-02,9.609604747026567750e-02
1.104337223860789724e-01,9.103050044190215406e-02
1.076954455780298608e-01,9.192516547366214041e-02
1.081355321074772696e-01,9.582718242034923839e-02
7.969805389372004722e-02,1.057986567903568403e-01
9.447752671473894082e-02,9.512474740609776214e-02
1.035868400660929223e-01,8.004555867249461831e-02
9.492761757505970011e-02,9.319660863095759196e-02
1.091304367618992632e-01,7.267701458157893590e-02
1.017209439787946507e-01,1.035509452478418774e-01
1.092997853823942100e-01,8.053294244456078721e-02
1.067430668576316022e-01,8.281664924900865310e-02
9.667447145417171206e-02,9.743805640172407967e-02
9.993878624000952782e-02,8.991143162334894190e-02
1.000595439234560624e-01,9.931070869064037576e-02
7.554700902671281082e-02,1.084433326441829881e-01
9.308820601391117056e-02,9.621518445103259543e-02
1.005786374465491989e-01,1.078489157300119017e-01
8.778024486541094462e-02,1.116866331997412726e-01
9.299716420018465379e-02,1.060614007842194811e-01
1.027954397394243297e-01,9.499635279116724895e-02
1.227097159368650825e-01,6.446607225375897143e-02
7.695415343301284516e-02,1.095519798218595742e-01
8.026981427822997561e-02,1.117508906465224799e-01
8.447488789158258404e-02,9.710779829313714862e-02
1.120705389975491240e-01,8.255917847827622114e-02
9.165498315025660814e-02,9.744693814088499495e-02
9.843589634644427100e-02,9.846356305308417989e-02
8.910918617483157278e-02,1.038235252215402998e-01
8.518282169203270082e-02,1.068992427871238993e-01
7.407768041103228451e-02,1.114664889282517557e-01
1.122698188673616343e-01,7.827223308007427716e-02
1.023483770602831994e-01,8.464418255582691064e-02
9.466477802962051935e-02,1.059050178455911012e-01
7.092889161462244407e-02,1.180156731664139397e-01
7.770044974385748038e-02,1.114137235159138734e-01
1.037188396227094744e-01,8.182755104024540260e-02
8.762053376152993678e-02,9.550955269932653868e-02
9.420163845501840216e-02,9.774584072697031778e-02
1.016825649539037785e-01,8.682744913033060841e-02
9.421494246536857298e-02,9.609604747053432372e-02
1.104337223863876838e-01,9.103050044215661718e-02
1.076954455783309117e-01,9.192516547391912929e-02
1.081355321077795834e-01,9.582718242061713521e-02
7.969805389394284123e-02,1.057986567906526176e-01
9.447752671500306287e-02,9.512474740636370218e-02
1.035868400663824962e-01,8.004555867271838376e-02
9.492761757532508504e-02,9.319660863121814742e-02
1.091304367622043248e-01,7.267701458178212059e-02
1.017209439790790482e-01,1.035509452481313680e-01
1.104693252829859196e-01,6.641609127768435816e-02
